Merged prototype mesh
2210 1167
       1       0.00000000       0.00000000       5.00000000
       2       0.16666667       0.00000000       5.62500000
       3       0.33333333       0.00000000       6.25000000
       4       0.50000000       0.00000000       6.87500000
       5       0.66666667       0.00000000       7.50000000
       6       0.83333333       0.00000000       8.12500000
       7       1.00000000       0.00000000       8.75000000
       8       1.16666667       0.00000000       9.37500000
       9       1.33333333       0.00000000      10.00000000
      10       1.50000000       0.00000000      10.62500000
      11       1.66666667       0.00000000      11.25000000
      12       1.83333333       0.00000000      11.87500000
      13       2.00000000       0.00000000      12.50000000
      14       2.16666667       0.00000000      13.12500000
      15       2.33333333       0.00000000      13.75000000
      16       2.50000000       0.00000000      14.37500000
      17       2.66666667       0.00000000      15.00000000
      18       2.83333333       0.00000000      15.62500000
      19       3.00000000       0.00000000      16.25000000
      20       3.16666667       0.00000000      16.87500000
      21       3.33333333       0.00000000      17.50000000
      22       3.50000000       0.00000000      18.12500000
      23       3.66666667       0.00000000      18.75000000
      24       3.83333333       0.00000000      19.37500000
      25       4.00000000       0.00000000      20.00000000
      26       0.00000000       0.16666667       5.00000000
      27       0.16666667       0.16666667       5.62500000
      28       0.33333333       0.16666667       6.25000000
      29       0.50000000       0.16666667       6.87500000
      30       0.66666667       0.16666667       7.50000000
      31       0.83333333       0.16666667       8.12500000
      32       1.00000000       0.16666667       8.75000000
      33       1.16666667       0.16666667       9.37500000
      34       1.33333333       0.16666667      10.00000000
      35       1.50000000       0.16666667      10.62500000
      36       1.66666667       0.16666667      11.25000000
      37       1.83333333       0.16666667      11.87500000
      38       2.00000000       0.16666667      12.50000000
      39       2.16666667       0.16666667      13.12500000
      40       2.33333333       0.16666667      13.75000000
      41       2.50000000       0.16666667      14.37500000
      42       2.66666667       0.16666667      15.00000000
      43       2.83333333       0.16666667      15.62500000
      44       3.00000000       0.16666667      16.25000000
      45       3.16666667       0.16666667      16.87500000
      46       3.33333333       0.16666667      17.50000000
      47       3.50000000       0.16666667      18.12500000
      48       3.66666667       0.16666667      18.75000000
      49       3.83333333       0.16666667      19.37500000
      50       4.00000000       0.16666667      20.00000000
      51       0.00000000       0.33333333       5.00000000
      52       0.16666667       0.33333333       5.62500000
      53       0.33333333       0.33333333       6.25000000
      54       0.50000000       0.33333333       6.87500000
      55       0.66666667       0.33333333       7.50000000
      56       0.83333333       0.33333333       8.12500000
      57       1.00000000       0.33333333       8.75000000
      58       1.16666667       0.33333333       9.37500000
      59       1.33333333       0.33333333      10.00000000
      60       1.50000000       0.33333333      10.62500000
      61       1.66666667       0.33333333      11.25000000
      62       1.83333333       0.33333333      11.87500000
      63       2.00000000       0.33333333      12.50000000
      64       2.16666667       0.33333333      13.12500000
      65       2.33333333       0.33333333      13.75000000
      66       2.50000000       0.33333333      14.37500000
      67       2.66666667       0.33333333      15.00000000
      68       2.83333333       0.33333333      15.62500000
      69       3.00000000       0.33333333      16.25000000
      70       3.16666667       0.33333333      16.87500000
      71       3.33333333       0.33333333      17.50000000
      72       3.50000000       0.33333333      18.12500000
      73       3.66666667       0.33333333      18.75000000
      74       3.83333333       0.33333333      19.37500000
      75       4.00000000       0.33333333      20.00000000
      76       0.00000000       0.50000000       5.00000000
      77       0.16666667       0.50000000       5.62500000
      78       0.33333333       0.50000000       6.25000000
      79       0.50000000       0.50000000       6.87500000
      80       0.66666667       0.50000000       7.50000000
      81       0.83333333       0.50000000       8.12500000
      82       1.00000000       0.50000000       8.75000000
      83       1.16666667       0.50000000       9.37500000
      84       1.33333333       0.50000000      10.00000000
      85       1.50000000       0.50000000      10.62500000
      86       1.66666667       0.50000000      11.25000000
      87       1.83333333       0.50000000      11.87500000
      88       2.00000000       0.50000000      12.50000000
      89       2.16666667       0.50000000      13.12500000
      90       2.33333333       0.50000000      13.75000000
      91       2.50000000       0.50000000      14.37500000
      92       2.66666667       0.50000000      15.00000000
      93       2.83333333       0.50000000      15.62500000
      94       3.00000000       0.50000000      16.25000000
      95       3.16666667       0.50000000      16.87500000
      96       3.33333333       0.50000000      17.50000000
      97       3.50000000       0.50000000      18.12500000
      98       3.66666667       0.50000000      18.75000000
      99       3.83333333       0.50000000      19.37500000
     100       4.00000000       0.50000000      20.00000000
     101       0.00000000       0.66666667       5.00000000
     102       0.16666667       0.66666667       5.62500000
     103       0.33333333       0.66666667       6.25000000
     104       0.50000000       0.66666667       6.87500000
     105       0.66666667       0.66666667       7.50000000
     106       0.83333333       0.66666667       8.12500000
     107       1.00000000       0.66666667       8.75000000
     108       1.16666667       0.66666667       9.37500000
     109       1.33333333       0.66666667      10.00000000
     110       1.50000000       0.66666667      10.62500000
     111       1.66666667       0.66666667      11.25000000
     112       1.83333333       0.66666667      11.87500000
     113       2.00000000       0.66666667      12.50000000
     114       2.16666667       0.66666667      13.12500000
     115       2.33333333       0.66666667      13.75000000
     116       2.50000000       0.66666667      14.37500000
     117       2.66666667       0.66666667      15.00000000
     118       2.83333333       0.66666667      15.62500000
     119       3.00000000       0.66666667      16.25000000
     120       3.16666667       0.66666667      16.87500000
     121       3.33333333       0.66666667      17.50000000
     122       3.50000000       0.66666667      18.12500000
     123       3.66666667       0.66666667      18.75000000
     124       3.83333333       0.66666667      19.37500000
     125       4.00000000       0.66666667      20.00000000
     126       0.00000000       0.83333333       5.00000000
     127       0.16666667       0.83333333       5.62500000
     128       0.33333333       0.83333333       6.25000000
     129       0.50000000       0.83333333       6.87500000
     130       0.66666667       0.83333333       7.50000000
     131       0.83333333       0.83333333       8.12500000
     132       1.00000000       0.83333333       8.75000000
     133       1.16666667       0.83333333       9.37500000
     134       1.33333333       0.83333333      10.00000000
     135       1.50000000       0.83333333      10.62500000
     136       1.66666667       0.83333333      11.25000000
     137       1.83333333       0.83333333      11.87500000
     138       2.00000000       0.83333333      12.50000000
     139       2.16666667       0.83333333      13.12500000
     140       2.33333333       0.83333333      13.75000000
     141       2.50000000       0.83333333      14.37500000
     142       2.66666667       0.83333333      15.00000000
     143       2.83333333       0.83333333      15.62500000
     144       3.00000000       0.83333333      16.25000000
     145       3.16666667       0.83333333      16.87500000
     146       3.33333333       0.83333333      17.50000000
     147       3.50000000       0.83333333      18.12500000
     148       3.66666667       0.83333333      18.75000000
     149       3.83333333       0.83333333      19.37500000
     150       4.00000000       0.83333333      20.00000000
     151       0.00000000       1.00000000       5.00000000
     152       0.16666667       1.00000000       5.62500000
     153       0.33333333       1.00000000       6.25000000
     154       0.50000000       1.00000000       6.87500000
     155       0.66666667       1.00000000       7.50000000
     156       0.83333333       1.00000000       8.12500000
     157       1.00000000       1.00000000       8.75000000
     158       1.16666667       1.00000000       9.37500000
     159       1.33333333       1.00000000      10.00000000
     160       1.50000000       1.00000000      10.62500000
     161       1.66666667       1.00000000      11.25000000
     162       1.83333333       1.00000000      11.87500000
     163       2.00000000       1.00000000      12.50000000
     164       2.16666667       1.00000000      13.12500000
     165       2.33333333       1.00000000      13.75000000
     166       2.50000000       1.00000000      14.37500000
     167       2.66666667       1.00000000      15.00000000
     168       2.83333333       1.00000000      15.62500000
     169       3.00000000       1.00000000      16.25000000
     170       3.16666667       1.00000000      16.87500000
     171       3.33333333       1.00000000      17.50000000
     172       3.50000000       1.00000000      18.12500000
     173       3.66666667       1.00000000      18.75000000
     174       3.83333333       1.00000000      19.37500000
     175       4.00000000       1.00000000      20.00000000
     176       0.00000000       1.16666667       5.00000000
     177       0.16666667       1.16666667       5.62500000
     178       0.33333333       1.16666667       6.25000000
     179       0.50000000       1.16666667       6.87500000
     180       0.66666667       1.16666667       7.50000000
     181       0.83333333       1.16666667       8.12500000
     182       1.00000000       1.16666667       8.75000000
     183       1.16666667       1.16666667       9.37500000
     184       1.33333333       1.16666667      10.00000000
     185       1.50000000       1.16666667      10.62500000
     186       1.66666667       1.16666667      11.25000000
     187       1.83333333       1.16666667      11.87500000
     188       2.00000000       1.16666667      12.50000000
     189       2.16666667       1.16666667      13.12500000
     190       2.33333333       1.16666667      13.75000000
     191       2.50000000       1.16666667      14.37500000
     192       2.66666667       1.16666667      15.00000000
     193       2.83333333       1.16666667      15.62500000
     194       3.00000000       1.16666667      16.25000000
     195       3.16666667       1.16666667      16.87500000
     196       3.33333333       1.16666667      17.50000000
     197       3.50000000       1.16666667      18.12500000
     198       3.66666667       1.16666667      18.75000000
     199       3.83333333       1.16666667      19.37500000
     200       4.00000000       1.16666667      20.00000000
     201       0.00000000       1.33333333       5.00000000
     202       0.16666667       1.33333333       5.62500000
     203       0.33333333       1.33333333       6.25000000
     204       0.50000000       1.33333333       6.87500000
     205       0.66666667       1.33333333       7.50000000
     206       0.83333333       1.33333333       8.12500000
     207       1.00000000       1.33333333       8.75000000
     208       1.16666667       1.33333333       9.37500000
     209       1.33333333       1.33333333      10.00000000
     210       1.50000000       1.33333333      10.62500000
     211       1.66666667       1.33333333      11.25000000
     212       1.83333333       1.33333333      11.87500000
     213       2.00000000       1.33333333      12.50000000
     214       2.16666667       1.33333333      13.12500000
     215       2.33333333       1.33333333      13.75000000
     216       2.50000000       1.33333333      14.37500000
     217       2.66666667       1.33333333      15.00000000
     218       2.83333333       1.33333333      15.62500000
     219       3.00000000       1.33333333      16.25000000
     220       3.16666667       1.33333333      16.87500000
     221       3.33333333       1.33333333      17.50000000
     222       3.50000000       1.33333333      18.12500000
     223       3.66666667       1.33333333      18.75000000
     224       3.83333333       1.33333333      19.37500000
     225       4.00000000       1.33333333      20.00000000
     226       0.00000000       1.50000000       5.00000000
     227       0.16666667       1.50000000       5.62500000
     228       0.33333333       1.50000000       6.25000000
     229       0.50000000       1.50000000       6.87500000
     230       0.66666667       1.50000000       7.50000000
     231       0.83333333       1.50000000       8.12500000
     232       1.00000000       1.50000000       8.75000000
     233       1.16666667       1.50000000       9.37500000
     234       1.33333333       1.50000000      10.00000000
     235       1.50000000       1.50000000      10.62500000
     236       1.66666667       1.50000000      11.25000000
     237       1.83333333       1.50000000      11.87500000
     238       2.00000000       1.50000000      12.50000000
     239       2.16666667       1.50000000      13.12500000
     240       2.33333333       1.50000000      13.75000000
     241       2.50000000       1.50000000      14.37500000
     242       2.66666667       1.50000000      15.00000000
     243       2.83333333       1.50000000      15.62500000
     244       3.00000000       1.50000000      16.25000000
     245       3.16666667       1.50000000      16.87500000
     246       3.33333333       1.50000000      17.50000000
     247       3.50000000       1.50000000      18.12500000
     248       3.66666667       1.50000000      18.75000000
     249       3.83333333       1.50000000      19.37500000
     250       4.00000000       1.50000000      20.00000000
     251       0.00000000       1.66666667       5.00000000
     252       0.16666667       1.66666667       5.62500000
     253       0.33333333       1.66666667       6.25000000
     254       0.50000000       1.66666667       6.87500000
     255       0.66666667       1.66666667       7.50000000
     256       0.83333333       1.66666667       8.12500000
     257       1.00000000       1.66666667       8.75000000
     258       1.16666667       1.66666667       9.37500000
     259       1.33333333       1.66666667      10.00000000
     260       1.50000000       1.66666667      10.62500000
     261       1.66666667       1.66666667      11.25000000
     262       1.83333333       1.66666667      11.87500000
     263       2.00000000       1.66666667      12.50000000
     264       2.16666667       1.66666667      13.12500000
     265       2.33333333       1.66666667      13.75000000
     266       2.50000000       1.66666667      14.37500000
     267       2.66666667       1.66666667      15.00000000
     268       2.83333333       1.66666667      15.62500000
     269       3.00000000       1.66666667      16.25000000
     270       3.16666667       1.66666667      16.87500000
     271       3.33333333       1.66666667      17.50000000
     272       3.50000000       1.66666667      18.12500000
     273       3.66666667       1.66666667      18.75000000
     274       3.83333333       1.66666667      19.37500000
     275       4.00000000       1.66666667      20.00000000
     276       0.00000000       1.83333333       5.00000000
     277       0.16666667       1.83333333       5.62500000
     278       0.33333333       1.83333333       6.25000000
     279       0.50000000       1.83333333       6.87500000
     280       0.66666667       1.83333333       7.50000000
     281       0.83333333       1.83333333       8.12500000
     282       1.00000000       1.83333333       8.75000000
     283       1.16666667       1.83333333       9.37500000
     284       1.33333333       1.83333333      10.00000000
     285       1.50000000       1.83333333      10.62500000
     286       1.66666667       1.83333333      11.25000000
     287       1.83333333       1.83333333      11.87500000
     288       2.00000000       1.83333333      12.50000000
     289       2.16666667       1.83333333      13.12500000
     290       2.33333333       1.83333333      13.75000000
     291       2.50000000       1.83333333      14.37500000
     292       2.66666667       1.83333333      15.00000000
     293       2.83333333       1.83333333      15.62500000
     294       3.00000000       1.83333333      16.25000000
     295       3.16666667       1.83333333      16.87500000
     296       3.33333333       1.83333333      17.50000000
     297       3.50000000       1.83333333      18.12500000
     298       3.66666667       1.83333333      18.75000000
     299       3.83333333       1.83333333      19.37500000
     300       4.00000000       1.83333333      20.00000000
     301       0.00000000       2.00000000       5.00000000
     302       0.16666667       2.00000000       5.62500000
     303       0.33333333       2.00000000       6.25000000
     304       0.50000000       2.00000000       6.87500000
     305       0.66666667       2.00000000       7.50000000
     306       0.83333333       2.00000000       8.12500000
     307       1.00000000       2.00000000       8.75000000
     308       1.16666667       2.00000000       9.37500000
     309       1.33333333       2.00000000      10.00000000
     310       1.50000000       2.00000000      10.62500000
     311       1.66666667       2.00000000      11.25000000
     312       1.83333333       2.00000000      11.87500000
     313       2.00000000       2.00000000      12.50000000
     314       2.16666667       2.00000000      13.12500000
     315       2.33333333       2.00000000      13.75000000
     316       2.50000000       2.00000000      14.37500000
     317       2.66666667       2.00000000      15.00000000
     318       2.83333333       2.00000000      15.62500000
     319       3.00000000       2.00000000      16.25000000
     320       3.16666667       2.00000000      16.87500000
     321       3.33333333       2.00000000      17.50000000
     322       3.50000000       2.00000000      18.12500000
     323       3.66666667       2.00000000      18.75000000
     324       3.83333333       2.00000000      19.37500000
     325       4.00000000       2.00000000      20.00000000
     326       0.00000000       2.16666667       5.00000000
     327       0.16666667       2.16666667       5.62500000
     328       0.33333333       2.16666667       6.25000000
     329       0.50000000       2.16666667       6.87500000
     330       0.66666667       2.16666667       7.50000000
     331       0.83333333       2.16666667       8.12500000
     332       1.00000000       2.16666667       8.75000000
     333       1.16666667       2.16666667       9.37500000
     334       1.33333333       2.16666667      10.00000000
     335       1.50000000       2.16666667      10.62500000
     336       1.66666667       2.16666667      11.25000000
     337       1.83333333       2.16666667      11.87500000
     338       2.00000000       2.16666667      12.50000000
     339       2.16666667       2.16666667      13.12500000
     340       2.33333333       2.16666667      13.75000000
     341       2.50000000       2.16666667      14.37500000
     342       2.66666667       2.16666667      15.00000000
     343       2.83333333       2.16666667      15.62500000
     344       3.00000000       2.16666667      16.25000000
     345       3.16666667       2.16666667      16.87500000
     346       3.33333333       2.16666667      17.50000000
     347       3.50000000       2.16666667      18.12500000
     348       3.66666667       2.16666667      18.75000000
     349       3.83333333       2.16666667      19.37500000
     350       4.00000000       2.16666667      20.00000000
     351       0.00000000       2.33333333       5.00000000
     352       0.16666667       2.33333333       5.62500000
     353       0.33333333       2.33333333       6.25000000
     354       0.50000000       2.33333333       6.87500000
     355       0.66666667       2.33333333       7.50000000
     356       0.83333333       2.33333333       8.12500000
     357       1.00000000       2.33333333       8.75000000
     358       1.16666667       2.33333333       9.37500000
     359       1.33333333       2.33333333      10.00000000
     360       1.50000000       2.33333333      10.62500000
     361       1.66666667       2.33333333      11.25000000
     362       1.83333333       2.33333333      11.87500000
     363       2.00000000       2.33333333      12.50000000
     364       2.16666667       2.33333333      13.12500000
     365       2.33333333       2.33333333      13.75000000
     366       2.50000000       2.33333333      14.37500000
     367       2.66666667       2.33333333      15.00000000
     368       2.83333333       2.33333333      15.62500000
     369       3.00000000       2.33333333      16.25000000
     370       3.16666667       2.33333333      16.87500000
     371       3.33333333       2.33333333      17.50000000
     372       3.50000000       2.33333333      18.12500000
     373       3.66666667       2.33333333      18.75000000
     374       3.83333333       2.33333333      19.37500000
     375       4.00000000       2.33333333      20.00000000
     376       0.00000000       2.50000000       5.00000000
     377       0.16666667       2.50000000       5.62500000
     378       0.33333333       2.50000000       6.25000000
     379       0.50000000       2.50000000       6.87500000
     380       0.66666667       2.50000000       7.50000000
     381       0.83333333       2.50000000       8.12500000
     382       1.00000000       2.50000000       8.75000000
     383       1.16666667       2.50000000       9.37500000
     384       1.33333333       2.50000000      10.00000000
     385       1.50000000       2.50000000      10.62500000
     386       1.66666667       2.50000000      11.25000000
     387       1.83333333       2.50000000      11.87500000
     388       2.00000000       2.50000000      12.50000000
     389       2.16666667       2.50000000      13.12500000
     390       2.33333333       2.50000000      13.75000000
     391       2.50000000       2.50000000      14.37500000
     392       2.66666667       2.50000000      15.00000000
     393       2.83333333       2.50000000      15.62500000
     394       3.00000000       2.50000000      16.25000000
     395       3.16666667       2.50000000      16.87500000
     396       3.33333333       2.50000000      17.50000000
     397       3.50000000       2.50000000      18.12500000
     398       3.66666667       2.50000000      18.75000000
     399       3.83333333       2.50000000      19.37500000
     400       4.00000000       2.50000000      20.00000000
     401       0.00000000       2.66666667       5.00000000
     402       0.16666667       2.66666667       5.62500000
     403       0.33333333       2.66666667       6.25000000
     404       0.50000000       2.66666667       6.87500000
     405       0.66666667       2.66666667       7.50000000
     406       0.83333333       2.66666667       8.12500000
     407       1.00000000       2.66666667       8.75000000
     408       1.16666667       2.66666667       9.37500000
     409       1.33333333       2.66666667      10.00000000
     410       1.50000000       2.66666667      10.62500000
     411       1.66666667       2.66666667      11.25000000
     412       1.83333333       2.66666667      11.87500000
     413       2.00000000       2.66666667      12.50000000
     414       2.16666667       2.66666667      13.12500000
     415       2.33333333       2.66666667      13.75000000
     416       2.50000000       2.66666667      14.37500000
     417       2.66666667       2.66666667      15.00000000
     418       2.83333333       2.66666667      15.62500000
     419       3.00000000       2.66666667      16.25000000
     420       3.16666667       2.66666667      16.87500000
     421       3.33333333       2.66666667      17.50000000
     422       3.50000000       2.66666667      18.12500000
     423       3.66666667       2.66666667      18.75000000
     424       3.83333333       2.66666667      19.37500000
     425       4.00000000       2.66666667      20.00000000
     426       0.00000000       2.83333333       5.00000000
     427       0.16666667       2.83333333       5.62500000
     428       0.33333333       2.83333333       6.25000000
     429       0.50000000       2.83333333       6.87500000
     430       0.66666667       2.83333333       7.50000000
     431       0.83333333       2.83333333       8.12500000
     432       1.00000000       2.83333333       8.75000000
     433       1.16666667       2.83333333       9.37500000
     434       1.33333333       2.83333333      10.00000000
     435       1.50000000       2.83333333      10.62500000
     436       1.66666667       2.83333333      11.25000000
     437       1.83333333       2.83333333      11.87500000
     438       2.00000000       2.83333333      12.50000000
     439       2.16666667       2.83333333      13.12500000
     440       2.33333333       2.83333333      13.75000000
     441       2.50000000       2.83333333      14.37500000
     442       2.66666667       2.83333333      15.00000000
     443       2.83333333       2.83333333      15.62500000
     444       3.00000000       2.83333333      16.25000000
     445       3.16666667       2.83333333      16.87500000
     446       3.33333333       2.83333333      17.50000000
     447       3.50000000       2.83333333      18.12500000
     448       3.66666667       2.83333333      18.75000000
     449       3.83333333       2.83333333      19.37500000
     450       4.00000000       2.83333333      20.00000000
     451       0.00000000       3.00000000       5.00000000
     452       0.16666667       3.00000000       5.62500000
     453       0.33333333       3.00000000       6.25000000
     454       0.50000000       3.00000000       6.87500000
     455       0.66666667       3.00000000       7.50000000
     456       0.83333333       3.00000000       8.12500000
     457       1.00000000       3.00000000       8.75000000
     458       1.16666667       3.00000000       9.37500000
     459       1.33333333       3.00000000      10.00000000
     460       1.50000000       3.00000000      10.62500000
     461       1.66666667       3.00000000      11.25000000
     462       1.83333333       3.00000000      11.87500000
     463       2.00000000       3.00000000      12.50000000
     464       2.16666667       3.00000000      13.12500000
     465       2.33333333       3.00000000      13.75000000
     466       2.50000000       3.00000000      14.37500000
     467       2.66666667       3.00000000      15.00000000
     468       2.83333333       3.00000000      15.62500000
     469       3.00000000       3.00000000      16.25000000
     470       3.16666667       3.00000000      16.87500000
     471       3.33333333       3.00000000      17.50000000
     472       3.50000000       3.00000000      18.12500000
     473       3.66666667       3.00000000      18.75000000
     474       3.83333333       3.00000000      19.37500000
     475       4.00000000       3.00000000      20.00000000
     476       0.00000000       3.16666667       5.00000000
     477       0.16666667       3.16666667       5.62500000
     478       0.33333333       3.16666667       6.25000000
     479       0.50000000       3.16666667       6.87500000
     480       0.66666667       3.16666667       7.50000000
     481       0.83333333       3.16666667       8.12500000
     482       1.00000000       3.16666667       8.75000000
     483       1.16666667       3.16666667       9.37500000
     484       1.33333333       3.16666667      10.00000000
     485       1.50000000       3.16666667      10.62500000
     486       1.66666667       3.16666667      11.25000000
     487       1.83333333       3.16666667      11.87500000
     488       2.00000000       3.16666667      12.50000000
     489       2.16666667       3.16666667      13.12500000
     490       2.33333333       3.16666667      13.75000000
     491       2.50000000       3.16666667      14.37500000
     492       2.66666667       3.16666667      15.00000000
     493       2.83333333       3.16666667      15.62500000
     494       3.00000000       3.16666667      16.25000000
     495       3.16666667       3.16666667      16.87500000
     496       3.33333333       3.16666667      17.50000000
     497       3.50000000       3.16666667      18.12500000
     498       3.66666667       3.16666667      18.75000000
     499       3.83333333       3.16666667      19.37500000
     500       4.00000000       3.16666667      20.00000000
     501       0.00000000       3.33333333       5.00000000
     502       0.16666667       3.33333333       5.62500000
     503       0.33333333       3.33333333       6.25000000
     504       0.50000000       3.33333333       6.87500000
     505       0.66666667       3.33333333       7.50000000
     506       0.83333333       3.33333333       8.12500000
     507       1.00000000       3.33333333       8.75000000
     508       1.16666667       3.33333333       9.37500000
     509       1.33333333       3.33333333      10.00000000
     510       1.50000000       3.33333333      10.62500000
     511       1.66666667       3.33333333      11.25000000
     512       1.83333333       3.33333333      11.87500000
     513       2.00000000       3.33333333      12.50000000
     514       2.16666667       3.33333333      13.12500000
     515       2.33333333       3.33333333      13.75000000
     516       2.50000000       3.33333333      14.37500000
     517       2.66666667       3.33333333      15.00000000
     518       2.83333333       3.33333333      15.62500000
     519       3.00000000       3.33333333      16.25000000
     520       3.16666667       3.33333333      16.87500000
     521       3.33333333       3.33333333      17.50000000
     522       3.50000000       3.33333333      18.12500000
     523       3.66666667       3.33333333      18.75000000
     524       3.83333333       3.33333333      19.37500000
     525       4.00000000       3.33333333      20.00000000
     526       0.00000000       3.50000000       5.00000000
     527       0.16666667       3.50000000       5.62500000
     528       0.33333333       3.50000000       6.25000000
     529       0.50000000       3.50000000       6.87500000
     530       0.66666667       3.50000000       7.50000000
     531       0.83333333       3.50000000       8.12500000
     532       1.00000000       3.50000000       8.75000000
     533       1.16666667       3.50000000       9.37500000
     534       1.33333333       3.50000000      10.00000000
     535       1.50000000       3.50000000      10.62500000
     536       1.66666667       3.50000000      11.25000000
     537       1.83333333       3.50000000      11.87500000
     538       2.00000000       3.50000000      12.50000000
     539       2.16666667       3.50000000      13.12500000
     540       2.33333333       3.50000000      13.75000000
     541       2.50000000       3.50000000      14.37500000
     542       2.66666667       3.50000000      15.00000000
     543       2.83333333       3.50000000      15.62500000
     544       3.00000000       3.50000000      16.25000000
     545       3.16666667       3.50000000      16.87500000
     546       3.33333333       3.50000000      17.50000000
     547       3.50000000       3.50000000      18.12500000
     548       3.66666667       3.50000000      18.75000000
     549       3.83333333       3.50000000      19.37500000
     550       4.00000000       3.50000000      20.00000000
     551       0.00000000       3.66666667       5.00000000
     552       0.16666667       3.66666667       5.62500000
     553       0.33333333       3.66666667       6.25000000
     554       0.50000000       3.66666667       6.87500000
     555       0.66666667       3.66666667       7.50000000
     556       0.83333333       3.66666667       8.12500000
     557       1.00000000       3.66666667       8.75000000
     558       1.16666667       3.66666667       9.37500000
     559       1.33333333       3.66666667      10.00000000
     560       1.50000000       3.66666667      10.62500000
     561       1.66666667       3.66666667      11.25000000
     562       1.83333333       3.66666667      11.87500000
     563       2.00000000       3.66666667      12.50000000
     564       2.16666667       3.66666667      13.12500000
     565       2.33333333       3.66666667      13.75000000
     566       2.50000000       3.66666667      14.37500000
     567       2.66666667       3.66666667      15.00000000
     568       2.83333333       3.66666667      15.62500000
     569       3.00000000       3.66666667      16.25000000
     570       3.16666667       3.66666667      16.87500000
     571       3.33333333       3.66666667      17.50000000
     572       3.50000000       3.66666667      18.12500000
     573       3.66666667       3.66666667      18.75000000
     574       3.83333333       3.66666667      19.37500000
     575       4.00000000       3.66666667      20.00000000
     576       0.00000000       3.83333333       5.00000000
     577       0.16666667       3.83333333       5.62500000
     578       0.33333333       3.83333333       6.25000000
     579       0.50000000       3.83333333       6.87500000
     580       0.66666667       3.83333333       7.50000000
     581       0.83333333       3.83333333       8.12500000
     582       1.00000000       3.83333333       8.75000000
     583       1.16666667       3.83333333       9.37500000
     584       1.33333333       3.83333333      10.00000000
     585       1.50000000       3.83333333      10.62500000
     586       1.66666667       3.83333333      11.25000000
     587       1.83333333       3.83333333      11.87500000
     588       2.00000000       3.83333333      12.50000000
     589       2.16666667       3.83333333      13.12500000
     590       2.33333333       3.83333333      13.75000000
     591       2.50000000       3.83333333      14.37500000
     592       2.66666667       3.83333333      15.00000000
     593       2.83333333       3.83333333      15.62500000
     594       3.00000000       3.83333333      16.25000000
     595       3.16666667       3.83333333      16.87500000
     596       3.33333333       3.83333333      17.50000000
     597       3.50000000       3.83333333      18.12500000
     598       3.66666667       3.83333333      18.75000000
     599       3.83333333       3.83333333      19.37500000
     600       4.00000000       3.83333333      20.00000000
     601       0.00000000       4.00000000       5.00000000
     602       0.16666667       4.00000000       5.62500000
     603       0.33333333       4.00000000       6.25000000
     604       0.50000000       4.00000000       6.87500000
     605       0.66666667       4.00000000       7.50000000
     606       0.83333333       4.00000000       8.12500000
     607       1.00000000       4.00000000       8.75000000
     608       1.16666667       4.00000000       9.37500000
     609       1.33333333       4.00000000      10.00000000
     610       1.50000000       4.00000000      10.62500000
     611       1.66666667       4.00000000      11.25000000
     612       1.83333333       4.00000000      11.87500000
     613       2.00000000       4.00000000      12.50000000
     614       2.16666667       4.00000000      13.12500000
     615       2.33333333       4.00000000      13.75000000
     616       2.50000000       4.00000000      14.37500000
     617       2.66666667       4.00000000      15.00000000
     618       2.83333333       4.00000000      15.62500000
     619       3.00000000       4.00000000      16.25000000
     620       3.16666667       4.00000000      16.87500000
     621       3.33333333       4.00000000      17.50000000
     622       3.50000000       4.00000000      18.12500000
     623       3.66666667       4.00000000      18.75000000
     624       3.83333333       4.00000000      19.37500000
     625       4.00000000       4.00000000      20.00000000
     626       0.00000000       4.16666667       5.00000000
     627       0.16666667       4.16666667       5.62500000
     628       0.33333333       4.16666667       6.25000000
     629       0.50000000       4.16666667       6.87500000
     630       0.66666667       4.16666667       7.50000000
     631       0.83333333       4.16666667       8.12500000
     632       1.00000000       4.16666667       8.75000000
     633       1.16666667       4.16666667       9.37500000
     634       1.33333333       4.16666667      10.00000000
     635       1.50000000       4.16666667      10.62500000
     636       1.66666667       4.16666667      11.25000000
     637       1.83333333       4.16666667      11.87500000
     638       2.00000000       4.16666667      12.50000000
     639       2.16666667       4.16666667      13.12500000
     640       2.33333333       4.16666667      13.75000000
     641       2.50000000       4.16666667      14.37500000
     642       2.66666667       4.16666667      15.00000000
     643       2.83333333       4.16666667      15.62500000
     644       3.00000000       4.16666667      16.25000000
     645       3.16666667       4.16666667      16.87500000
     646       3.33333333       4.16666667      17.50000000
     647       3.50000000       4.16666667      18.12500000
     648       3.66666667       4.16666667      18.75000000
     649       3.83333333       4.16666667      19.37500000
     650       4.00000000       4.16666667      20.00000000
     651       0.00000000       4.33333333       5.00000000
     652       0.16666667       4.33333333       5.62500000
     653       0.33333333       4.33333333       6.25000000
     654       0.50000000       4.33333333       6.87500000
     655       0.66666667       4.33333333       7.50000000
     656       0.83333333       4.33333333       8.12500000
     657       1.00000000       4.33333333       8.75000000
     658       1.16666667       4.33333333       9.37500000
     659       1.33333333       4.33333333      10.00000000
     660       1.50000000       4.33333333      10.62500000
     661       1.66666667       4.33333333      11.25000000
     662       1.83333333       4.33333333      11.87500000
     663       2.00000000       4.33333333      12.50000000
     664       2.16666667       4.33333333      13.12500000
     665       2.33333333       4.33333333      13.75000000
     666       2.50000000       4.33333333      14.37500000
     667       2.66666667       4.33333333      15.00000000
     668       2.83333333       4.33333333      15.62500000
     669       3.00000000       4.33333333      16.25000000
     670       3.16666667       4.33333333      16.87500000
     671       3.33333333       4.33333333      17.50000000
     672       3.50000000       4.33333333      18.12500000
     673       3.66666667       4.33333333      18.75000000
     674       3.83333333       4.33333333      19.37500000
     675       4.00000000       4.33333333      20.00000000
     676       0.00000000       4.50000000       5.00000000
     677       0.16666667       4.50000000       5.62500000
     678       0.33333333       4.50000000       6.25000000
     679       0.50000000       4.50000000       6.87500000
     680       0.66666667       4.50000000       7.50000000
     681       0.83333333       4.50000000       8.12500000
     682       1.00000000       4.50000000       8.75000000
     683       1.16666667       4.50000000       9.37500000
     684       1.33333333       4.50000000      10.00000000
     685       1.50000000       4.50000000      10.62500000
     686       1.66666667       4.50000000      11.25000000
     687       1.83333333       4.50000000      11.87500000
     688       2.00000000       4.50000000      12.50000000
     689       2.16666667       4.50000000      13.12500000
     690       2.33333333       4.50000000      13.75000000
     691       2.50000000       4.50000000      14.37500000
     692       2.66666667       4.50000000      15.00000000
     693       2.83333333       4.50000000      15.62500000
     694       3.00000000       4.50000000      16.25000000
     695       3.16666667       4.50000000      16.87500000
     696       3.33333333       4.50000000      17.50000000
     697       3.50000000       4.50000000      18.12500000
     698       3.66666667       4.50000000      18.75000000
     699       3.83333333       4.50000000      19.37500000
     700       4.00000000       4.50000000      20.00000000
     701       0.00000000       4.66666667       5.00000000
     702       0.16666667       4.66666667       5.62500000
     703       0.33333333       4.66666667       6.25000000
     704       0.50000000       4.66666667       6.87500000
     705       0.66666667       4.66666667       7.50000000
     706       0.83333333       4.66666667       8.12500000
     707       1.00000000       4.66666667       8.75000000
     708       1.16666667       4.66666667       9.37500000
     709       1.33333333       4.66666667      10.00000000
     710       1.50000000       4.66666667      10.62500000
     711       1.66666667       4.66666667      11.25000000
     712       1.83333333       4.66666667      11.87500000
     713       2.00000000       4.66666667      12.50000000
     714       2.16666667       4.66666667      13.12500000
     715       2.33333333       4.66666667      13.75000000
     716       2.50000000       4.66666667      14.37500000
     717       2.66666667       4.66666667      15.00000000
     718       2.83333333       4.66666667      15.62500000
     719       3.00000000       4.66666667      16.25000000
     720       3.16666667       4.66666667      16.87500000
     721       3.33333333       4.66666667      17.50000000
     722       3.50000000       4.66666667      18.12500000
     723       3.66666667       4.66666667      18.75000000
     724       3.83333333       4.66666667      19.37500000
     725       4.00000000       4.66666667      20.00000000
     726       0.00000000       4.83333333       5.00000000
     727       0.16666667       4.83333333       5.62500000
     728       0.33333333       4.83333333       6.25000000
     729       0.50000000       4.83333333       6.87500000
     730       0.66666667       4.83333333       7.50000000
     731       0.83333333       4.83333333       8.12500000
     732       1.00000000       4.83333333       8.75000000
     733       1.16666667       4.83333333       9.37500000
     734       1.33333333       4.83333333      10.00000000
     735       1.50000000       4.83333333      10.62500000
     736       1.66666667       4.83333333      11.25000000
     737       1.83333333       4.83333333      11.87500000
     738       2.00000000       4.83333333      12.50000000
     739       2.16666667       4.83333333      13.12500000
     740       2.33333333       4.83333333      13.75000000
     741       2.50000000       4.83333333      14.37500000
     742       2.66666667       4.83333333      15.00000000
     743       2.83333333       4.83333333      15.62500000
     744       3.00000000       4.83333333      16.25000000
     745       3.16666667       4.83333333      16.87500000
     746       3.33333333       4.83333333      17.50000000
     747       3.50000000       4.83333333      18.12500000
     748       3.66666667       4.83333333      18.75000000
     749       3.83333333       4.83333333      19.37500000
     750       4.00000000       4.83333333      20.00000000
     751       0.00000000       5.00000000       5.00000000
     752       0.16666667       5.00000000       5.62500000
     753       0.33333333       5.00000000       6.25000000
     754       0.50000000       5.00000000       6.87500000
     755       0.66666667       5.00000000       7.50000000
     756       0.83333333       5.00000000       8.12500000
     757       1.00000000       5.00000000       8.75000000
     758       1.16666667       5.00000000       9.37500000
     759       1.33333333       5.00000000      10.00000000
     760       1.50000000       5.00000000      10.62500000
     761       1.66666667       5.00000000      11.25000000
     762       1.83333333       5.00000000      11.87500000
     763       2.00000000       5.00000000      12.50000000
     764       2.16666667       5.00000000      13.12500000
     765       2.33333333       5.00000000      13.75000000
     766       2.50000000       5.00000000      14.37500000
     767       2.66666667       5.00000000      15.00000000
     768       2.83333333       5.00000000      15.62500000
     769       3.00000000       5.00000000      16.25000000
     770       3.16666667       5.00000000      16.87500000
     771       3.33333333       5.00000000      17.50000000
     772       3.50000000       5.00000000      18.12500000
     773       3.66666667       5.00000000      18.75000000
     774       3.83333333       5.00000000      19.37500000
     775       4.00000000       5.00000000      20.00000000
     776       0.00000000       5.16666667       5.00000000
     777       0.16666667       5.16666667       5.62500000
     778       0.33333333       5.16666667       6.25000000
     779       0.50000000       5.16666667       6.87500000
     780       0.66666667       5.16666667       7.50000000
     781       0.83333333       5.16666667       8.12500000
     782       1.00000000       5.16666667       8.75000000
     783       1.16666667       5.16666667       9.37500000
     784       1.33333333       5.16666667      10.00000000
     785       1.50000000       5.16666667      10.62500000
     786       1.66666667       5.16666667      11.25000000
     787       1.83333333       5.16666667      11.87500000
     788       2.00000000       5.16666667      12.50000000
     789       2.16666667       5.16666667      13.12500000
     790       2.33333333       5.16666667      13.75000000
     791       2.50000000       5.16666667      14.37500000
     792       2.66666667       5.16666667      15.00000000
     793       2.83333333       5.16666667      15.62500000
     794       3.00000000       5.16666667      16.25000000
     795       3.16666667       5.16666667      16.87500000
     796       3.33333333       5.16666667      17.50000000
     797       3.50000000       5.16666667      18.12500000
     798       3.66666667       5.16666667      18.75000000
     799       3.83333333       5.16666667      19.37500000
     800       4.00000000       5.16666667      20.00000000
     801       0.00000000       5.33333333       5.00000000
     802       0.16666667       5.33333333       5.62500000
     803       0.33333333       5.33333333       6.25000000
     804       0.50000000       5.33333333       6.87500000
     805       0.66666667       5.33333333       7.50000000
     806       0.83333333       5.33333333       8.12500000
     807       1.00000000       5.33333333       8.75000000
     808       1.16666667       5.33333333       9.37500000
     809       1.33333333       5.33333333      10.00000000
     810       1.50000000       5.33333333      10.62500000
     811       1.66666667       5.33333333      11.25000000
     812       1.83333333       5.33333333      11.87500000
     813       2.00000000       5.33333333      12.50000000
     814       2.16666667       5.33333333      13.12500000
     815       2.33333333       5.33333333      13.75000000
     816       2.50000000       5.33333333      14.37500000
     817       2.66666667       5.33333333      15.00000000
     818       2.83333333       5.33333333      15.62500000
     819       3.00000000       5.33333333      16.25000000
     820       3.16666667       5.33333333      16.87500000
     821       3.33333333       5.33333333      17.50000000
     822       3.50000000       5.33333333      18.12500000
     823       3.66666667       5.33333333      18.75000000
     824       3.83333333       5.33333333      19.37500000
     825       4.00000000       5.33333333      20.00000000
     826       0.00000000       5.50000000       5.00000000
     827       0.16666667       5.50000000       5.62500000
     828       0.33333333       5.50000000       6.25000000
     829       0.50000000       5.50000000       6.87500000
     830       0.66666667       5.50000000       7.50000000
     831       0.83333333       5.50000000       8.12500000
     832       1.00000000       5.50000000       8.75000000
     833       1.16666667       5.50000000       9.37500000
     834       1.33333333       5.50000000      10.00000000
     835       1.50000000       5.50000000      10.62500000
     836       1.66666667       5.50000000      11.25000000
     837       1.83333333       5.50000000      11.87500000
     838       2.00000000       5.50000000      12.50000000
     839       2.16666667       5.50000000      13.12500000
     840       2.33333333       5.50000000      13.75000000
     841       2.50000000       5.50000000      14.37500000
     842       2.66666667       5.50000000      15.00000000
     843       2.83333333       5.50000000      15.62500000
     844       3.00000000       5.50000000      16.25000000
     845       3.16666667       5.50000000      16.87500000
     846       3.33333333       5.50000000      17.50000000
     847       3.50000000       5.50000000      18.12500000
     848       3.66666667       5.50000000      18.75000000
     849       3.83333333       5.50000000      19.37500000
     850       4.00000000       5.50000000      20.00000000
     851       0.00000000       5.66666667       5.00000000
     852       0.16666667       5.66666667       5.62500000
     853       0.33333333       5.66666667       6.25000000
     854       0.50000000       5.66666667       6.87500000
     855       0.66666667       5.66666667       7.50000000
     856       0.83333333       5.66666667       8.12500000
     857       1.00000000       5.66666667       8.75000000
     858       1.16666667       5.66666667       9.37500000
     859       1.33333333       5.66666667      10.00000000
     860       1.50000000       5.66666667      10.62500000
     861       1.66666667       5.66666667      11.25000000
     862       1.83333333       5.66666667      11.87500000
     863       2.00000000       5.66666667      12.50000000
     864       2.16666667       5.66666667      13.12500000
     865       2.33333333       5.66666667      13.75000000
     866       2.50000000       5.66666667      14.37500000
     867       2.66666667       5.66666667      15.00000000
     868       2.83333333       5.66666667      15.62500000
     869       3.00000000       5.66666667      16.25000000
     870       3.16666667       5.66666667      16.87500000
     871       3.33333333       5.66666667      17.50000000
     872       3.50000000       5.66666667      18.12500000
     873       3.66666667       5.66666667      18.75000000
     874       3.83333333       5.66666667      19.37500000
     875       4.00000000       5.66666667      20.00000000
     876       0.00000000       5.83333333       5.00000000
     877       0.16666667       5.83333333       5.62500000
     878       0.33333333       5.83333333       6.25000000
     879       0.50000000       5.83333333       6.87500000
     880       0.66666667       5.83333333       7.50000000
     881       0.83333333       5.83333333       8.12500000
     882       1.00000000       5.83333333       8.75000000
     883       1.16666667       5.83333333       9.37500000
     884       1.33333333       5.83333333      10.00000000
     885       1.50000000       5.83333333      10.62500000
     886       1.66666667       5.83333333      11.25000000
     887       1.83333333       5.83333333      11.87500000
     888       2.00000000       5.83333333      12.50000000
     889       2.16666667       5.83333333      13.12500000
     890       2.33333333       5.83333333      13.75000000
     891       2.50000000       5.83333333      14.37500000
     892       2.66666667       5.83333333      15.00000000
     893       2.83333333       5.83333333      15.62500000
     894       3.00000000       5.83333333      16.25000000
     895       3.16666667       5.83333333      16.87500000
     896       3.33333333       5.83333333      17.50000000
     897       3.50000000       5.83333333      18.12500000
     898       3.66666667       5.83333333      18.75000000
     899       3.83333333       5.83333333      19.37500000
     900       4.00000000       5.83333333      20.00000000
     901       0.00000000       6.00000000       5.00000000
     902       0.16666667       6.00000000       5.62500000
     903       0.33333333       6.00000000       6.25000000
     904       0.50000000       6.00000000       6.87500000
     905       0.66666667       6.00000000       7.50000000
     906       0.83333333       6.00000000       8.12500000
     907       1.00000000       6.00000000       8.75000000
     908       1.16666667       6.00000000       9.37500000
     909       1.33333333       6.00000000      10.00000000
     910       1.50000000       6.00000000      10.62500000
     911       1.66666667       6.00000000      11.25000000
     912       1.83333333       6.00000000      11.87500000
     913       2.00000000       6.00000000      12.50000000
     914       2.16666667       6.00000000      13.12500000
     915       2.33333333       6.00000000      13.75000000
     916       2.50000000       6.00000000      14.37500000
     917       2.66666667       6.00000000      15.00000000
     918       2.83333333       6.00000000      15.62500000
     919       3.00000000       6.00000000      16.25000000
     920       3.16666667       6.00000000      16.87500000
     921       3.33333333       6.00000000      17.50000000
     922       3.50000000       6.00000000      18.12500000
     923       3.66666667       6.00000000      18.75000000
     924       3.83333333       6.00000000      19.37500000
     925       4.00000000       6.00000000      20.00000000
     926       7.50000000      -1.00000000      25.00000000
     927       8.71428571      -1.00000000      32.85714286
     928       9.92857143      -1.00000000      40.71428571
     929      11.14285714      -1.00000000      48.57142857
     930      12.35714286      -1.00000000      56.42857143
     931      13.57142857      -1.00000000      64.28571429
     932      14.78571429      -1.00000000      72.14285714
     933      16.00000000      -1.00000000      80.00000000
     934       7.50000000       0.33333333      25.00000000
     935       8.71428571       0.33333333      32.85714286
     936       9.92857143       0.33333333      40.71428571
     937      11.14285714       0.33333333      48.57142857
     938      12.35714286       0.33333333      56.42857143
     939      13.57142857       0.33333333      64.28571429
     940      14.78571429       0.33333333      72.14285714
     941      16.00000000       0.33333333      80.00000000
     942       7.50000000       1.66666667      25.00000000
     943       8.71428571       1.66666667      32.85714286
     944       9.92857143       1.66666667      40.71428571
     945      11.14285714       1.66666667      48.57142857
     946      12.35714286       1.66666667      56.42857143
     947      13.57142857       1.66666667      64.28571429
     948      14.78571429       1.66666667      72.14285714
     949      16.00000000       1.66666667      80.00000000
     950       7.50000000       3.00000000      25.00000000
     951       8.71428571       3.00000000      32.85714286
     952       9.92857143       3.00000000      40.71428571
     953      11.14285714       3.00000000      48.57142857
     954      12.35714286       3.00000000      56.42857143
     955      13.57142857       3.00000000      64.28571429
     956      14.78571429       3.00000000      72.14285714
     957      16.00000000       3.00000000      80.00000000
     958       7.50000000       4.33333333      25.00000000
     959       8.71428571       4.33333333      32.85714286
     960       9.92857143       4.33333333      40.71428571
     961      11.14285714       4.33333333      48.57142857
     962      12.35714286       4.33333333      56.42857143
     963      13.57142857       4.33333333      64.28571429
     964      14.78571429       4.33333333      72.14285714
     965      16.00000000       4.33333333      80.00000000
     966       7.50000000       5.66666667      25.00000000
     967       8.71428571       5.66666667      32.85714286
     968       9.92857143       5.66666667      40.71428571
     969      11.14285714       5.66666667      48.57142857
     970      12.35714286       5.66666667      56.42857143
     971      13.57142857       5.66666667      64.28571429
     972      14.78571429       5.66666667      72.14285714
     973      16.00000000       5.66666667      80.00000000
     974       7.50000000       7.00000000      25.00000000
     975       8.71428571       7.00000000      32.85714286
     976       9.92857143       7.00000000      40.71428571
     977      11.14285714       7.00000000      48.57142857
     978      12.35714286       7.00000000      56.42857143
     979      13.57142857       7.00000000      64.28571429
     980      14.78571429       7.00000000      72.14285714
     981      16.00000000       7.00000000      80.00000000
     982       4.12996052      -0.03713158      20.18565789
     983       4.12996052       0.14152322      20.18565789
     984       4.12996052       0.32017802      20.18565789
     985       4.12996052       0.49883282      20.18565789
     986       4.12996052       0.67748762      20.18565789
     987       4.12996052       0.85614242      20.18565789
     988       4.12996052       1.03479721      20.18565789
     989       4.12996052       1.21345201      20.18565789
     990       4.12996052       1.39210681      20.18565789
     991       4.12996052       1.57076161      20.18565789
     992       4.12996052       1.74941641      20.18565789
     993       4.12996052       1.92807121      20.18565789
     994       4.12996052       2.10672601      20.18565789
     995       4.12996052       2.28538081      20.18565789
     996       4.12996052       2.46403560      20.18565789
     997       4.12996052       2.64269040      20.18565789
     998       4.12996052       2.82134520      20.18565789
     999       4.12996052       3.00000000      20.18565789
    1000       4.12996052       3.17865480      20.18565789
    1001       4.12996052       3.35730960      20.18565789
    1002       4.12996052       3.53596440      20.18565789
    1003       4.12996052       3.71461919      20.18565789
    1004       4.12996052       3.89327399      20.18565789
    1005       4.12996052       4.07192879      20.18565789
    1006       4.12996052       4.25058359      20.18565789
    1007       4.12996052       4.42923839      20.18565789
    1008       4.12996052       4.60789319      20.18565789
    1009       4.12996052       4.78654799      20.18565789
    1010       4.12996052       4.96520279      20.18565789
    1011       4.12996052       5.14385758      20.18565789
    1012       4.12996052       5.32251238      20.18565789
    1013       4.12996052       5.50116718      20.18565789
    1014       4.12996052       5.67982198      20.18565789
    1015       4.12996052       5.85847678      20.18565789
    1016       4.12996052       6.03713158      20.18565789
    1017       4.29370053      -0.08391444      20.41957218
    1018       4.29370053       0.11504779      20.41957218
    1019       4.29370053       0.31401001      20.41957218
    1020       4.29370053       0.51297223      20.41957218
    1021       4.29370053       0.71193445      20.41957218
    1022       4.29370053       0.91089667      20.41957218
    1023       4.29370053       1.10985889      20.41957218
    1024       4.29370053       1.30882112      20.41957218
    1025       4.29370053       1.50778334      20.41957218
    1026       4.29370053       1.70674556      20.41957218
    1027       4.29370053       1.90570778      20.41957218
    1028       4.29370053       2.10467000      20.41957218
    1029       4.29370053       2.30363222      20.41957218
    1030       4.29370053       2.50259445      20.41957218
    1031       4.29370053       2.70155667      20.41957218
    1032       4.29370053       2.90051889      20.41957218
    1033       4.29370053       3.09948111      20.41957218
    1034       4.29370053       3.29844333      20.41957218
    1035       4.29370053       3.49740555      20.41957218
    1036       4.29370053       3.69636778      20.41957218
    1037       4.29370053       3.89533000      20.41957218
    1038       4.29370053       4.09429222      20.41957218
    1039       4.29370053       4.29325444      20.41957218
    1040       4.29370053       4.49221666      20.41957218
    1041       4.29370053       4.69117888      20.41957218
    1042       4.29370053       4.89014111      20.41957218
    1043       4.29370053       5.08910333      20.41957218
    1044       4.29370053       5.28806555      20.41957218
    1045       4.29370053       5.48702777      20.41957218
    1046       4.29370053       5.68598999      20.41957218
    1047       4.29370053       5.88495221      20.41957218
    1048       4.29370053       6.08391444      20.41957218
    1049       4.50000000      -0.14285714      20.71428571
    1050       4.50000000       0.08163265      20.71428571
    1051       4.50000000       0.30612245      20.71428571
    1052       4.50000000       0.53061224      20.71428571
    1053       4.50000000       0.75510204      20.71428571
    1054       4.50000000       0.97959184      20.71428571
    1055       4.50000000       1.20408163      20.71428571
    1056       4.50000000       1.42857143      20.71428571
    1057       4.50000000       1.65306122      20.71428571
    1058       4.50000000       1.87755102      20.71428571
    1059       4.50000000       2.10204082      20.71428571
    1060       4.50000000       2.32653061      20.71428571
    1061       4.50000000       2.55102041      20.71428571
    1062       4.50000000       2.77551020      20.71428571
    1063       4.50000000       3.00000000      20.71428571
    1064       4.50000000       3.22448980      20.71428571
    1065       4.50000000       3.44897959      20.71428571
    1066       4.50000000       3.67346939      20.71428571
    1067       4.50000000       3.89795918      20.71428571
    1068       4.50000000       4.12244898      20.71428571
    1069       4.50000000       4.34693878      20.71428571
    1070       4.50000000       4.57142857      20.71428571
    1071       4.50000000       4.79591837      20.71428571
    1072       4.50000000       5.02040816      20.71428571
    1073       4.50000000       5.24489796      20.71428571
    1074       4.50000000       5.46938776      20.71428571
    1075       4.50000000       5.69387755      20.71428571
    1076       4.50000000       5.91836735      20.71428571
    1077       4.50000000       6.14285714      20.71428571
    1078       4.75992105      -0.21712030      21.08560150
    1079       4.75992105       0.04024932      21.08560150
    1080       4.75992105       0.29761895      21.08560150
    1081       4.75992105       0.55498857      21.08560150
    1082       4.75992105       0.81235820      21.08560150
    1083       4.75992105       1.06972782      21.08560150
    1084       4.75992105       1.32709744      21.08560150
    1085       4.75992105       1.58446707      21.08560150
    1086       4.75992105       1.84183669      21.08560150
    1087       4.75992105       2.09920632      21.08560150
    1088       4.75992105       2.35657594      21.08560150
    1089       4.75992105       2.61394556      21.08560150
    1090       4.75992105       2.87131519      21.08560150
    1091       4.75992105       3.12868481      21.08560150
    1092       4.75992105       3.38605444      21.08560150
    1093       4.75992105       3.64342406      21.08560150
    1094       4.75992105       3.90079368      21.08560150
    1095       4.75992105       4.15816331      21.08560150
    1096       4.75992105       4.41553293      21.08560150
    1097       4.75992105       4.67290256      21.08560150
    1098       4.75992105       4.93027218      21.08560150
    1099       4.75992105       5.18764180      21.08560150
    1100       4.75992105       5.44501143      21.08560150
    1101       4.75992105       5.70238105      21.08560150
    1102       4.75992105       5.95975068      21.08560150
    1103       4.75992105       6.21712030      21.08560150
    1104       5.08740105      -0.31068601      21.55343007
    1105       5.08740105       0.00461742      21.55343007
    1106       5.08740105       0.31992085      21.55343007
    1107       5.08740105       0.63522428      21.55343007
    1108       5.08740105       0.95052771      21.55343007
    1109       5.08740105       1.26583114      21.55343007
    1110       5.08740105       1.58113457      21.55343007
    1111       5.08740105       1.89643800      21.55343007
    1112       5.08740105       2.21174143      21.55343007
    1113       5.08740105       2.52704486      21.55343007
    1114       5.08740105       2.84234829      21.55343007
    1115       5.08740105       3.15765171      21.55343007
    1116       5.08740105       3.47295514      21.55343007
    1117       5.08740105       3.78825857      21.55343007
    1118       5.08740105       4.10356200      21.55343007
    1119       5.08740105       4.41886543      21.55343007
    1120       5.08740105       4.73416886      21.55343007
    1121       5.08740105       5.04947229      21.55343007
    1122       5.08740105       5.36477572      21.55343007
    1123       5.08740105       5.68007915      21.55343007
    1124       5.08740105       5.99538258      21.55343007
    1125       5.08740105       6.31068601      21.55343007
    1126       5.50000000      -0.42857143      22.14285714
    1127       5.50000000      -0.02521008      22.14285714
    1128       5.50000000       0.37815126      22.14285714
    1129       5.50000000       0.78151261      22.14285714
    1130       5.50000000       1.18487395      22.14285714
    1131       5.50000000       1.58823529      22.14285714
    1132       5.50000000       1.99159664      22.14285714
    1133       5.50000000       2.39495798      22.14285714
    1134       5.50000000       2.79831933      22.14285714
    1135       5.50000000       3.20168067      22.14285714
    1136       5.50000000       3.60504202      22.14285714
    1137       5.50000000       4.00840336      22.14285714
    1138       5.50000000       4.41176471      22.14285714
    1139       5.50000000       4.81512605      22.14285714
    1140       5.50000000       5.21848739      22.14285714
    1141       5.50000000       5.62184874      22.14285714
    1142       5.50000000       6.02521008      22.14285714
    1143       5.50000000       6.42857143      22.14285714
    1144       6.01984210      -0.57709774      22.88548871
    1145       6.01984210      -0.02677501      22.88548871
    1146       6.01984210       0.52354772      22.88548871
    1147       6.01984210       1.07387045      22.88548871
    1148       6.01984210       1.62419318      22.88548871
    1149       6.01984210       2.17451591      22.88548871
    1150       6.01984210       2.72483864      22.88548871
    1151       6.01984210       3.27516136      22.88548871
    1152       6.01984210       3.82548409      22.88548871
    1153       6.01984210       4.37580682      22.88548871
    1154       6.01984210       4.92612955      22.88548871
    1155       6.01984210       5.47645228      22.88548871
    1156       6.01984210       6.02677501      22.88548871
    1157       6.01984210       6.57709774      22.88548871
    1158       6.67480210      -0.76422917      23.82114586
    1159       6.67480210       0.07226620      23.82114586
    1160       6.67480210       0.90876157      23.82114586
    1161       6.67480210       1.74525694      23.82114586
    1162       6.67480210       2.58175231      23.82114586
    1163       6.67480210       3.41824769      23.82114586
    1164       6.67480210       4.25474306      23.82114586
    1165       6.67480210       5.09123843      23.82114586
    1166       6.67480210       5.92773380      23.82114586
    1167       6.67480210       6.76422917      23.82114586
       1 3        1        2       27
       2 3        1       27       26
       3 3        2        3       27
       4 3        3       28       27
       5 3        3        4       29
       6 3        3       29       28
       7 3        4        5       29
       8 3        5       30       29
       9 3        5        6       31
      10 3        5       31       30
      11 3        6        7       31
      12 3        7       32       31
      13 3        7        8       33
      14 3        7       33       32
      15 3        8        9       33
      16 3        9       34       33
      17 3        9       10       35
      18 3        9       35       34
      19 3       10       11       35
      20 3       11       36       35
      21 3       11       12       37
      22 3       11       37       36
      23 3       12       13       37
      24 3       13       38       37
      25 3       13       14       39
      26 3       13       39       38
      27 3       14       15       39
      28 3       15       40       39
      29 3       15       16       41
      30 3       15       41       40
      31 3       16       17       41
      32 3       17       42       41
      33 3       17       18       43
      34 3       17       43       42
      35 3       18       19       43
      36 3       19       44       43
      37 3       19       20       45
      38 3       19       45       44
      39 3       20       21       45
      40 3       21       46       45
      41 3       21       22       47
      42 3       21       47       46
      43 3       22       23       47
      44 3       23       48       47
      45 3       23       24       49
      46 3       23       49       48
      47 3       24       25       49
      48 3       25       50       49
      49 3       26       27       51
      50 3       27       52       51
      51 3       27       28       53
      52 3       27       53       52
      53 3       28       29       53
      54 3       29       54       53
      55 3       29       30       55
      56 3       29       55       54
      57 3       30       31       55
      58 3       31       56       55
      59 3       31       32       57
      60 3       31       57       56
      61 3       32       33       57
      62 3       33       58       57
      63 3       33       34       59
      64 3       33       59       58
      65 3       34       35       59
      66 3       35       60       59
      67 3       35       36       61
      68 3       35       61       60
      69 3       36       37       61
      70 3       37       62       61
      71 3       37       38       63
      72 3       37       63       62
      73 3       38       39       63
      74 3       39       64       63
      75 3       39       40       65
      76 3       39       65       64
      77 3       40       41       65
      78 3       41       66       65
      79 3       41       42       67
      80 3       41       67       66
      81 3       42       43       67
      82 3       43       68       67
      83 3       43       44       69
      84 3       43       69       68
      85 3       44       45       69
      86 3       45       70       69
      87 3       45       46       71
      88 3       45       71       70
      89 3       46       47       71
      90 3       47       72       71
      91 3       47       48       73
      92 3       47       73       72
      93 3       48       49       73
      94 3       49       74       73
      95 3       49       50       75
      96 3       49       75       74
      97 3       51       52       77
      98 3       51       77       76
      99 3       52       53       77
     100 3       53       78       77
     101 3       53       54       79
     102 3       53       79       78
     103 3       54       55       79
     104 3       55       80       79
     105 3       55       56       81
     106 3       55       81       80
     107 3       56       57       81
     108 3       57       82       81
     109 3       57       58       83
     110 3       57       83       82
     111 3       58       59       83
     112 3       59       84       83
     113 3       59       60       85
     114 3       59       85       84
     115 3       60       61       85
     116 3       61       86       85
     117 3       61       62       87
     118 3       61       87       86
     119 3       62       63       87
     120 3       63       88       87
     121 3       63       64       89
     122 3       63       89       88
     123 3       64       65       89
     124 3       65       90       89
     125 3       65       66       91
     126 3       65       91       90
     127 3       66       67       91
     128 3       67       92       91
     129 3       67       68       93
     130 3       67       93       92
     131 3       68       69       93
     132 3       69       94       93
     133 3       69       70       95
     134 3       69       95       94
     135 3       70       71       95
     136 3       71       96       95
     137 3       71       72       97
     138 3       71       97       96
     139 3       72       73       97
     140 3       73       98       97
     141 3       73       74       99
     142 3       73       99       98
     143 3       74       75       99
     144 3       75      100       99
     145 3       76       77      101
     146 3       77      102      101
     147 3       77       78      103
     148 3       77      103      102
     149 3       78       79      103
     150 3       79      104      103
     151 3       79       80      105
     152 3       79      105      104
     153 3       80       81      105
     154 3       81      106      105
     155 3       81       82      107
     156 3       81      107      106
     157 3       82       83      107
     158 3       83      108      107
     159 3       83       84      109
     160 3       83      109      108
     161 3       84       85      109
     162 3       85      110      109
     163 3       85       86      111
     164 3       85      111      110
     165 3       86       87      111
     166 3       87      112      111
     167 3       87       88      113
     168 3       87      113      112
     169 3       88       89      113
     170 3       89      114      113
     171 3       89       90      115
     172 3       89      115      114
     173 3       90       91      115
     174 3       91      116      115
     175 3       91       92      117
     176 3       91      117      116
     177 3       92       93      117
     178 3       93      118      117
     179 3       93       94      119
     180 3       93      119      118
     181 3       94       95      119
     182 3       95      120      119
     183 3       95       96      121
     184 3       95      121      120
     185 3       96       97      121
     186 3       97      122      121
     187 3       97       98      123
     188 3       97      123      122
     189 3       98       99      123
     190 3       99      124      123
     191 3       99      100      125
     192 3       99      125      124
     193 3      101      102      127
     194 3      101      127      126
     195 3      102      103      127
     196 3      103      128      127
     197 3      103      104      129
     198 3      103      129      128
     199 3      104      105      129
     200 3      105      130      129
     201 3      105      106      131
     202 3      105      131      130
     203 3      106      107      131
     204 3      107      132      131
     205 3      107      108      133
     206 3      107      133      132
     207 3      108      109      133
     208 3      109      134      133
     209 3      109      110      135
     210 3      109      135      134
     211 3      110      111      135
     212 3      111      136      135
     213 3      111      112      137
     214 3      111      137      136
     215 3      112      113      137
     216 3      113      138      137
     217 3      113      114      139
     218 3      113      139      138
     219 3      114      115      139
     220 3      115      140      139
     221 3      115      116      141
     222 3      115      141      140
     223 3      116      117      141
     224 3      117      142      141
     225 3      117      118      143
     226 3      117      143      142
     227 3      118      119      143
     228 3      119      144      143
     229 3      119      120      145
     230 3      119      145      144
     231 3      120      121      145
     232 3      121      146      145
     233 3      121      122      147
     234 3      121      147      146
     235 3      122      123      147
     236 3      123      148      147
     237 3      123      124      149
     238 3      123      149      148
     239 3      124      125      149
     240 3      125      150      149
     241 3      126      127      151
     242 3      127      152      151
     243 3      127      128      153
     244 3      127      153      152
     245 3      128      129      153
     246 3      129      154      153
     247 3      129      130      155
     248 3      129      155      154
     249 3      130      131      155
     250 3      131      156      155
     251 3      131      132      157
     252 3      131      157      156
     253 3      132      133      157
     254 3      133      158      157
     255 3      133      134      159
     256 3      133      159      158
     257 3      134      135      159
     258 3      135      160      159
     259 3      135      136      161
     260 3      135      161      160
     261 3      136      137      161
     262 3      137      162      161
     263 3      137      138      163
     264 3      137      163      162
     265 3      138      139      163
     266 3      139      164      163
     267 3      139      140      165
     268 3      139      165      164
     269 3      140      141      165
     270 3      141      166      165
     271 3      141      142      167
     272 3      141      167      166
     273 3      142      143      167
     274 3      143      168      167
     275 3      143      144      169
     276 3      143      169      168
     277 3      144      145      169
     278 3      145      170      169
     279 3      145      146      171
     280 3      145      171      170
     281 3      146      147      171
     282 3      147      172      171
     283 3      147      148      173
     284 3      147      173      172
     285 3      148      149      173
     286 3      149      174      173
     287 3      149      150      175
     288 3      149      175      174
     289 3      151      152      177
     290 3      151      177      176
     291 3      152      153      177
     292 3      153      178      177
     293 3      153      154      179
     294 3      153      179      178
     295 3      154      155      179
     296 3      155      180      179
     297 3      155      156      181
     298 3      155      181      180
     299 3      156      157      181
     300 3      157      182      181
     301 3      157      158      183
     302 3      157      183      182
     303 3      158      159      183
     304 3      159      184      183
     305 3      159      160      185
     306 3      159      185      184
     307 3      160      161      185
     308 3      161      186      185
     309 3      161      162      187
     310 3      161      187      186
     311 3      162      163      187
     312 3      163      188      187
     313 3      163      164      189
     314 3      163      189      188
     315 3      164      165      189
     316 3      165      190      189
     317 3      165      166      191
     318 3      165      191      190
     319 3      166      167      191
     320 3      167      192      191
     321 3      167      168      193
     322 3      167      193      192
     323 3      168      169      193
     324 3      169      194      193
     325 3      169      170      195
     326 3      169      195      194
     327 3      170      171      195
     328 3      171      196      195
     329 3      171      172      197
     330 3      171      197      196
     331 3      172      173      197
     332 3      173      198      197
     333 3      173      174      199
     334 3      173      199      198
     335 3      174      175      199
     336 3      175      200      199
     337 3      176      177      201
     338 3      177      202      201
     339 3      177      178      203
     340 3      177      203      202
     341 3      178      179      203
     342 3      179      204      203
     343 3      179      180      205
     344 3      179      205      204
     345 3      180      181      205
     346 3      181      206      205
     347 3      181      182      207
     348 3      181      207      206
     349 3      182      183      207
     350 3      183      208      207
     351 3      183      184      209
     352 3      183      209      208
     353 3      184      185      209
     354 3      185      210      209
     355 3      185      186      211
     356 3      185      211      210
     357 3      186      187      211
     358 3      187      212      211
     359 3      187      188      213
     360 3      187      213      212
     361 3      188      189      213
     362 3      189      214      213
     363 3      189      190      215
     364 3      189      215      214
     365 3      190      191      215
     366 3      191      216      215
     367 3      191      192      217
     368 3      191      217      216
     369 3      192      193      217
     370 3      193      218      217
     371 3      193      194      219
     372 3      193      219      218
     373 3      194      195      219
     374 3      195      220      219
     375 3      195      196      221
     376 3      195      221      220
     377 3      196      197      221
     378 3      197      222      221
     379 3      197      198      223
     380 3      197      223      222
     381 3      198      199      223
     382 3      199      224      223
     383 3      199      200      225
     384 3      199      225      224
     385 3      201      202      227
     386 3      201      227      226
     387 3      202      203      227
     388 3      203      228      227
     389 3      203      204      229
     390 3      203      229      228
     391 3      204      205      229
     392 3      205      230      229
     393 3      205      206      231
     394 3      205      231      230
     395 3      206      207      231
     396 3      207      232      231
     397 3      207      208      233
     398 3      207      233      232
     399 3      208      209      233
     400 3      209      234      233
     401 3      209      210      235
     402 3      209      235      234
     403 3      210      211      235
     404 3      211      236      235
     405 3      211      212      237
     406 3      211      237      236
     407 3      212      213      237
     408 3      213      238      237
     409 3      213      214      239
     410 3      213      239      238
     411 3      214      215      239
     412 3      215      240      239
     413 3      215      216      241
     414 3      215      241      240
     415 3      216      217      241
     416 3      217      242      241
     417 3      217      218      243
     418 3      217      243      242
     419 3      218      219      243
     420 3      219      244      243
     421 3      219      220      245
     422 3      219      245      244
     423 3      220      221      245
     424 3      221      246      245
     425 3      221      222      247
     426 3      221      247      246
     427 3      222      223      247
     428 3      223      248      247
     429 3      223      224      249
     430 3      223      249      248
     431 3      224      225      249
     432 3      225      250      249
     433 3      226      227      251
     434 3      227      252      251
     435 3      227      228      253
     436 3      227      253      252
     437 3      228      229      253
     438 3      229      254      253
     439 3      229      230      255
     440 3      229      255      254
     441 3      230      231      255
     442 3      231      256      255
     443 3      231      232      257
     444 3      231      257      256
     445 3      232      233      257
     446 3      233      258      257
     447 3      233      234      259
     448 3      233      259      258
     449 3      234      235      259
     450 3      235      260      259
     451 3      235      236      261
     452 3      235      261      260
     453 3      236      237      261
     454 3      237      262      261
     455 3      237      238      263
     456 3      237      263      262
     457 3      238      239      263
     458 3      239      264      263
     459 3      239      240      265
     460 3      239      265      264
     461 3      240      241      265
     462 3      241      266      265
     463 3      241      242      267
     464 3      241      267      266
     465 3      242      243      267
     466 3      243      268      267
     467 3      243      244      269
     468 3      243      269      268
     469 3      244      245      269
     470 3      245      270      269
     471 3      245      246      271
     472 3      245      271      270
     473 3      246      247      271
     474 3      247      272      271
     475 3      247      248      273
     476 3      247      273      272
     477 3      248      249      273
     478 3      249      274      273
     479 3      249      250      275
     480 3      249      275      274
     481 3      251      252      277
     482 3      251      277      276
     483 3      252      253      277
     484 3      253      278      277
     485 3      253      254      279
     486 3      253      279      278
     487 3      254      255      279
     488 3      255      280      279
     489 3      255      256      281
     490 3      255      281      280
     491 3      256      257      281
     492 3      257      282      281
     493 3      257      258      283
     494 3      257      283      282
     495 3      258      259      283
     496 3      259      284      283
     497 3      259      260      285
     498 3      259      285      284
     499 3      260      261      285
     500 3      261      286      285
     501 3      261      262      287
     502 3      261      287      286
     503 3      262      263      287
     504 3      263      288      287
     505 3      263      264      289
     506 3      263      289      288
     507 3      264      265      289
     508 3      265      290      289
     509 3      265      266      291
     510 3      265      291      290
     511 3      266      267      291
     512 3      267      292      291
     513 3      267      268      293
     514 3      267      293      292
     515 3      268      269      293
     516 3      269      294      293
     517 3      269      270      295
     518 3      269      295      294
     519 3      270      271      295
     520 3      271      296      295
     521 3      271      272      297
     522 3      271      297      296
     523 3      272      273      297
     524 3      273      298      297
     525 3      273      274      299
     526 3      273      299      298
     527 3      274      275      299
     528 3      275      300      299
     529 3      276      277      301
     530 3      277      302      301
     531 3      277      278      303
     532 3      277      303      302
     533 3      278      279      303
     534 3      279      304      303
     535 3      279      280      305
     536 3      279      305      304
     537 3      280      281      305
     538 3      281      306      305
     539 3      281      282      307
     540 3      281      307      306
     541 3      282      283      307
     542 3      283      308      307
     543 3      283      284      309
     544 3      283      309      308
     545 3      284      285      309
     546 3      285      310      309
     547 3      285      286      311
     548 3      285      311      310
     549 3      286      287      311
     550 3      287      312      311
     551 3      287      288      313
     552 3      287      313      312
     553 3      288      289      313
     554 3      289      314      313
     555 3      289      290      315
     556 3      289      315      314
     557 3      290      291      315
     558 3      291      316      315
     559 3      291      292      317
     560 3      291      317      316
     561 3      292      293      317
     562 3      293      318      317
     563 3      293      294      319
     564 3      293      319      318
     565 3      294      295      319
     566 3      295      320      319
     567 3      295      296      321
     568 3      295      321      320
     569 3      296      297      321
     570 3      297      322      321
     571 3      297      298      323
     572 3      297      323      322
     573 3      298      299      323
     574 3      299      324      323
     575 3      299      300      325
     576 3      299      325      324
     577 3      301      302      327
     578 3      301      327      326
     579 3      302      303      327
     580 3      303      328      327
     581 3      303      304      329
     582 3      303      329      328
     583 3      304      305      329
     584 3      305      330      329
     585 3      305      306      331
     586 3      305      331      330
     587 3      306      307      331
     588 3      307      332      331
     589 3      307      308      333
     590 3      307      333      332
     591 3      308      309      333
     592 3      309      334      333
     593 3      309      310      335
     594 3      309      335      334
     595 3      310      311      335
     596 3      311      336      335
     597 3      311      312      337
     598 3      311      337      336
     599 3      312      313      337
     600 3      313      338      337
     601 3      313      314      339
     602 3      313      339      338
     603 3      314      315      339
     604 3      315      340      339
     605 3      315      316      341
     606 3      315      341      340
     607 3      316      317      341
     608 3      317      342      341
     609 3      317      318      343
     610 3      317      343      342
     611 3      318      319      343
     612 3      319      344      343
     613 3      319      320      345
     614 3      319      345      344
     615 3      320      321      345
     616 3      321      346      345
     617 3      321      322      347
     618 3      321      347      346
     619 3      322      323      347
     620 3      323      348      347
     621 3      323      324      349
     622 3      323      349      348
     623 3      324      325      349
     624 3      325      350      349
     625 3      326      327      351
     626 3      327      352      351
     627 3      327      328      353
     628 3      327      353      352
     629 3      328      329      353
     630 3      329      354      353
     631 3      329      330      355
     632 3      329      355      354
     633 3      330      331      355
     634 3      331      356      355
     635 3      331      332      357
     636 3      331      357      356
     637 3      332      333      357
     638 3      333      358      357
     639 3      333      334      359
     640 3      333      359      358
     641 3      334      335      359
     642 3      335      360      359
     643 3      335      336      361
     644 3      335      361      360
     645 3      336      337      361
     646 3      337      362      361
     647 3      337      338      363
     648 3      337      363      362
     649 3      338      339      363
     650 3      339      364      363
     651 3      339      340      365
     652 3      339      365      364
     653 3      340      341      365
     654 3      341      366      365
     655 3      341      342      367
     656 3      341      367      366
     657 3      342      343      367
     658 3      343      368      367
     659 3      343      344      369
     660 3      343      369      368
     661 3      344      345      369
     662 3      345      370      369
     663 3      345      346      371
     664 3      345      371      370
     665 3      346      347      371
     666 3      347      372      371
     667 3      347      348      373
     668 3      347      373      372
     669 3      348      349      373
     670 3      349      374      373
     671 3      349      350      375
     672 3      349      375      374
     673 3      351      352      377
     674 3      351      377      376
     675 3      352      353      377
     676 3      353      378      377
     677 3      353      354      379
     678 3      353      379      378
     679 3      354      355      379
     680 3      355      380      379
     681 3      355      356      381
     682 3      355      381      380
     683 3      356      357      381
     684 3      357      382      381
     685 3      357      358      383
     686 3      357      383      382
     687 3      358      359      383
     688 3      359      384      383
     689 3      359      360      385
     690 3      359      385      384
     691 3      360      361      385
     692 3      361      386      385
     693 3      361      362      387
     694 3      361      387      386
     695 3      362      363      387
     696 3      363      388      387
     697 3      363      364      389
     698 3      363      389      388
     699 3      364      365      389
     700 3      365      390      389
     701 3      365      366      391
     702 3      365      391      390
     703 3      366      367      391
     704 3      367      392      391
     705 3      367      368      393
     706 3      367      393      392
     707 3      368      369      393
     708 3      369      394      393
     709 3      369      370      395
     710 3      369      395      394
     711 3      370      371      395
     712 3      371      396      395
     713 3      371      372      397
     714 3      371      397      396
     715 3      372      373      397
     716 3      373      398      397
     717 3      373      374      399
     718 3      373      399      398
     719 3      374      375      399
     720 3      375      400      399
     721 3      376      377      401
     722 3      377      402      401
     723 3      377      378      403
     724 3      377      403      402
     725 3      378      379      403
     726 3      379      404      403
     727 3      379      380      405
     728 3      379      405      404
     729 3      380      381      405
     730 3      381      406      405
     731 3      381      382      407
     732 3      381      407      406
     733 3      382      383      407
     734 3      383      408      407
     735 3      383      384      409
     736 3      383      409      408
     737 3      384      385      409
     738 3      385      410      409
     739 3      385      386      411
     740 3      385      411      410
     741 3      386      387      411
     742 3      387      412      411
     743 3      387      388      413
     744 3      387      413      412
     745 3      388      389      413
     746 3      389      414      413
     747 3      389      390      415
     748 3      389      415      414
     749 3      390      391      415
     750 3      391      416      415
     751 3      391      392      417
     752 3      391      417      416
     753 3      392      393      417
     754 3      393      418      417
     755 3      393      394      419
     756 3      393      419      418
     757 3      394      395      419
     758 3      395      420      419
     759 3      395      396      421
     760 3      395      421      420
     761 3      396      397      421
     762 3      397      422      421
     763 3      397      398      423
     764 3      397      423      422
     765 3      398      399      423
     766 3      399      424      423
     767 3      399      400      425
     768 3      399      425      424
     769 3      401      402      427
     770 3      401      427      426
     771 3      402      403      427
     772 3      403      428      427
     773 3      403      404      429
     774 3      403      429      428
     775 3      404      405      429
     776 3      405      430      429
     777 3      405      406      431
     778 3      405      431      430
     779 3      406      407      431
     780 3      407      432      431
     781 3      407      408      433
     782 3      407      433      432
     783 3      408      409      433
     784 3      409      434      433
     785 3      409      410      435
     786 3      409      435      434
     787 3      410      411      435
     788 3      411      436      435
     789 3      411      412      437
     790 3      411      437      436
     791 3      412      413      437
     792 3      413      438      437
     793 3      413      414      439
     794 3      413      439      438
     795 3      414      415      439
     796 3      415      440      439
     797 3      415      416      441
     798 3      415      441      440
     799 3      416      417      441
     800 3      417      442      441
     801 3      417      418      443
     802 3      417      443      442
     803 3      418      419      443
     804 3      419      444      443
     805 3      419      420      445
     806 3      419      445      444
     807 3      420      421      445
     808 3      421      446      445
     809 3      421      422      447
     810 3      421      447      446
     811 3      422      423      447
     812 3      423      448      447
     813 3      423      424      449
     814 3      423      449      448
     815 3      424      425      449
     816 3      425      450      449
     817 3      426      427      451
     818 3      427      452      451
     819 3      427      428      453
     820 3      427      453      452
     821 3      428      429      453
     822 3      429      454      453
     823 3      429      430      455
     824 3      429      455      454
     825 3      430      431      455
     826 3      431      456      455
     827 3      431      432      457
     828 3      431      457      456
     829 3      432      433      457
     830 3      433      458      457
     831 3      433      434      459
     832 3      433      459      458
     833 3      434      435      459
     834 3      435      460      459
     835 3      435      436      461
     836 3      435      461      460
     837 3      436      437      461
     838 3      437      462      461
     839 3      437      438      463
     840 3      437      463      462
     841 3      438      439      463
     842 3      439      464      463
     843 3      439      440      465
     844 3      439      465      464
     845 3      440      441      465
     846 3      441      466      465
     847 3      441      442      467
     848 3      441      467      466
     849 3      442      443      467
     850 3      443      468      467
     851 3      443      444      469
     852 3      443      469      468
     853 3      444      445      469
     854 3      445      470      469
     855 3      445      446      471
     856 3      445      471      470
     857 3      446      447      471
     858 3      447      472      471
     859 3      447      448      473
     860 3      447      473      472
     861 3      448      449      473
     862 3      449      474      473
     863 3      449      450      475
     864 3      449      475      474
     865 3      451      452      477
     866 3      451      477      476
     867 3      452      453      477
     868 3      453      478      477
     869 3      453      454      479
     870 3      453      479      478
     871 3      454      455      479
     872 3      455      480      479
     873 3      455      456      481
     874 3      455      481      480
     875 3      456      457      481
     876 3      457      482      481
     877 3      457      458      483
     878 3      457      483      482
     879 3      458      459      483
     880 3      459      484      483
     881 3      459      460      485
     882 3      459      485      484
     883 3      460      461      485
     884 3      461      486      485
     885 3      461      462      487
     886 3      461      487      486
     887 3      462      463      487
     888 3      463      488      487
     889 3      463      464      489
     890 3      463      489      488
     891 3      464      465      489
     892 3      465      490      489
     893 3      465      466      491
     894 3      465      491      490
     895 3      466      467      491
     896 3      467      492      491
     897 3      467      468      493
     898 3      467      493      492
     899 3      468      469      493
     900 3      469      494      493
     901 3      469      470      495
     902 3      469      495      494
     903 3      470      471      495
     904 3      471      496      495
     905 3      471      472      497
     906 3      471      497      496
     907 3      472      473      497
     908 3      473      498      497
     909 3      473      474      499
     910 3      473      499      498
     911 3      474      475      499
     912 3      475      500      499
     913 3      476      477      501
     914 3      477      502      501
     915 3      477      478      503
     916 3      477      503      502
     917 3      478      479      503
     918 3      479      504      503
     919 3      479      480      505
     920 3      479      505      504
     921 3      480      481      505
     922 3      481      506      505
     923 3      481      482      507
     924 3      481      507      506
     925 3      482      483      507
     926 3      483      508      507
     927 3      483      484      509
     928 3      483      509      508
     929 3      484      485      509
     930 3      485      510      509
     931 3      485      486      511
     932 3      485      511      510
     933 3      486      487      511
     934 3      487      512      511
     935 3      487      488      513
     936 3      487      513      512
     937 3      488      489      513
     938 3      489      514      513
     939 3      489      490      515
     940 3      489      515      514
     941 3      490      491      515
     942 3      491      516      515
     943 3      491      492      517
     944 3      491      517      516
     945 3      492      493      517
     946 3      493      518      517
     947 3      493      494      519
     948 3      493      519      518
     949 3      494      495      519
     950 3      495      520      519
     951 3      495      496      521
     952 3      495      521      520
     953 3      496      497      521
     954 3      497      522      521
     955 3      497      498      523
     956 3      497      523      522
     957 3      498      499      523
     958 3      499      524      523
     959 3      499      500      525
     960 3      499      525      524
     961 3      501      502      527
     962 3      501      527      526
     963 3      502      503      527
     964 3      503      528      527
     965 3      503      504      529
     966 3      503      529      528
     967 3      504      505      529
     968 3      505      530      529
     969 3      505      506      531
     970 3      505      531      530
     971 3      506      507      531
     972 3      507      532      531
     973 3      507      508      533
     974 3      507      533      532
     975 3      508      509      533
     976 3      509      534      533
     977 3      509      510      535
     978 3      509      535      534
     979 3      510      511      535
     980 3      511      536      535
     981 3      511      512      537
     982 3      511      537      536
     983 3      512      513      537
     984 3      513      538      537
     985 3      513      514      539
     986 3      513      539      538
     987 3      514      515      539
     988 3      515      540      539
     989 3      515      516      541
     990 3      515      541      540
     991 3      516      517      541
     992 3      517      542      541
     993 3      517      518      543
     994 3      517      543      542
     995 3      518      519      543
     996 3      519      544      543
     997 3      519      520      545
     998 3      519      545      544
     999 3      520      521      545
    1000 3      521      546      545
    1001 3      521      522      547
    1002 3      521      547      546
    1003 3      522      523      547
    1004 3      523      548      547
    1005 3      523      524      549
    1006 3      523      549      548
    1007 3      524      525      549
    1008 3      525      550      549
    1009 3      526      527      551
    1010 3      527      552      551
    1011 3      527      528      553
    1012 3      527      553      552
    1013 3      528      529      553
    1014 3      529      554      553
    1015 3      529      530      555
    1016 3      529      555      554
    1017 3      530      531      555
    1018 3      531      556      555
    1019 3      531      532      557
    1020 3      531      557      556
    1021 3      532      533      557
    1022 3      533      558      557
    1023 3      533      534      559
    1024 3      533      559      558
    1025 3      534      535      559
    1026 3      535      560      559
    1027 3      535      536      561
    1028 3      535      561      560
    1029 3      536      537      561
    1030 3      537      562      561
    1031 3      537      538      563
    1032 3      537      563      562
    1033 3      538      539      563
    1034 3      539      564      563
    1035 3      539      540      565
    1036 3      539      565      564
    1037 3      540      541      565
    1038 3      541      566      565
    1039 3      541      542      567
    1040 3      541      567      566
    1041 3      542      543      567
    1042 3      543      568      567
    1043 3      543      544      569
    1044 3      543      569      568
    1045 3      544      545      569
    1046 3      545      570      569
    1047 3      545      546      571
    1048 3      545      571      570
    1049 3      546      547      571
    1050 3      547      572      571
    1051 3      547      548      573
    1052 3      547      573      572
    1053 3      548      549      573
    1054 3      549      574      573
    1055 3      549      550      575
    1056 3      549      575      574
    1057 3      551      552      577
    1058 3      551      577      576
    1059 3      552      553      577
    1060 3      553      578      577
    1061 3      553      554      579
    1062 3      553      579      578
    1063 3      554      555      579
    1064 3      555      580      579
    1065 3      555      556      581
    1066 3      555      581      580
    1067 3      556      557      581
    1068 3      557      582      581
    1069 3      557      558      583
    1070 3      557      583      582
    1071 3      558      559      583
    1072 3      559      584      583
    1073 3      559      560      585
    1074 3      559      585      584
    1075 3      560      561      585
    1076 3      561      586      585
    1077 3      561      562      587
    1078 3      561      587      586
    1079 3      562      563      587
    1080 3      563      588      587
    1081 3      563      564      589
    1082 3      563      589      588
    1083 3      564      565      589
    1084 3      565      590      589
    1085 3      565      566      591
    1086 3      565      591      590
    1087 3      566      567      591
    1088 3      567      592      591
    1089 3      567      568      593
    1090 3      567      593      592
    1091 3      568      569      593
    1092 3      569      594      593
    1093 3      569      570      595
    1094 3      569      595      594
    1095 3      570      571      595
    1096 3      571      596      595
    1097 3      571      572      597
    1098 3      571      597      596
    1099 3      572      573      597
    1100 3      573      598      597
    1101 3      573      574      599
    1102 3      573      599      598
    1103 3      574      575      599
    1104 3      575      600      599
    1105 3      576      577      601
    1106 3      577      602      601
    1107 3      577      578      603
    1108 3      577      603      602
    1109 3      578      579      603
    1110 3      579      604      603
    1111 3      579      580      605
    1112 3      579      605      604
    1113 3      580      581      605
    1114 3      581      606      605
    1115 3      581      582      607
    1116 3      581      607      606
    1117 3      582      583      607
    1118 3      583      608      607
    1119 3      583      584      609
    1120 3      583      609      608
    1121 3      584      585      609
    1122 3      585      610      609
    1123 3      585      586      611
    1124 3      585      611      610
    1125 3      586      587      611
    1126 3      587      612      611
    1127 3      587      588      613
    1128 3      587      613      612
    1129 3      588      589      613
    1130 3      589      614      613
    1131 3      589      590      615
    1132 3      589      615      614
    1133 3      590      591      615
    1134 3      591      616      615
    1135 3      591      592      617
    1136 3      591      617      616
    1137 3      592      593      617
    1138 3      593      618      617
    1139 3      593      594      619
    1140 3      593      619      618
    1141 3      594      595      619
    1142 3      595      620      619
    1143 3      595      596      621
    1144 3      595      621      620
    1145 3      596      597      621
    1146 3      597      622      621
    1147 3      597      598      623
    1148 3      597      623      622
    1149 3      598      599      623
    1150 3      599      624      623
    1151 3      599      600      625
    1152 3      599      625      624
    1153 3      601      602      627
    1154 3      601      627      626
    1155 3      602      603      627
    1156 3      603      628      627
    1157 3      603      604      629
    1158 3      603      629      628
    1159 3      604      605      629
    1160 3      605      630      629
    1161 3      605      606      631
    1162 3      605      631      630
    1163 3      606      607      631
    1164 3      607      632      631
    1165 3      607      608      633
    1166 3      607      633      632
    1167 3      608      609      633
    1168 3      609      634      633
    1169 3      609      610      635
    1170 3      609      635      634
    1171 3      610      611      635
    1172 3      611      636      635
    1173 3      611      612      637
    1174 3      611      637      636
    1175 3      612      613      637
    1176 3      613      638      637
    1177 3      613      614      639
    1178 3      613      639      638
    1179 3      614      615      639
    1180 3      615      640      639
    1181 3      615      616      641
    1182 3      615      641      640
    1183 3      616      617      641
    1184 3      617      642      641
    1185 3      617      618      643
    1186 3      617      643      642
    1187 3      618      619      643
    1188 3      619      644      643
    1189 3      619      620      645
    1190 3      619      645      644
    1191 3      620      621      645
    1192 3      621      646      645
    1193 3      621      622      647
    1194 3      621      647      646
    1195 3      622      623      647
    1196 3      623      648      647
    1197 3      623      624      649
    1198 3      623      649      648
    1199 3      624      625      649
    1200 3      625      650      649
    1201 3      626      627      651
    1202 3      627      652      651
    1203 3      627      628      653
    1204 3      627      653      652
    1205 3      628      629      653
    1206 3      629      654      653
    1207 3      629      630      655
    1208 3      629      655      654
    1209 3      630      631      655
    1210 3      631      656      655
    1211 3      631      632      657
    1212 3      631      657      656
    1213 3      632      633      657
    1214 3      633      658      657
    1215 3      633      634      659
    1216 3      633      659      658
    1217 3      634      635      659
    1218 3      635      660      659
    1219 3      635      636      661
    1220 3      635      661      660
    1221 3      636      637      661
    1222 3      637      662      661
    1223 3      637      638      663
    1224 3      637      663      662
    1225 3      638      639      663
    1226 3      639      664      663
    1227 3      639      640      665
    1228 3      639      665      664
    1229 3      640      641      665
    1230 3      641      666      665
    1231 3      641      642      667
    1232 3      641      667      666
    1233 3      642      643      667
    1234 3      643      668      667
    1235 3      643      644      669
    1236 3      643      669      668
    1237 3      644      645      669
    1238 3      645      670      669
    1239 3      645      646      671
    1240 3      645      671      670
    1241 3      646      647      671
    1242 3      647      672      671
    1243 3      647      648      673
    1244 3      647      673      672
    1245 3      648      649      673
    1246 3      649      674      673
    1247 3      649      650      675
    1248 3      649      675      674
    1249 3      651      652      677
    1250 3      651      677      676
    1251 3      652      653      677
    1252 3      653      678      677
    1253 3      653      654      679
    1254 3      653      679      678
    1255 3      654      655      679
    1256 3      655      680      679
    1257 3      655      656      681
    1258 3      655      681      680
    1259 3      656      657      681
    1260 3      657      682      681
    1261 3      657      658      683
    1262 3      657      683      682
    1263 3      658      659      683
    1264 3      659      684      683
    1265 3      659      660      685
    1266 3      659      685      684
    1267 3      660      661      685
    1268 3      661      686      685
    1269 3      661      662      687
    1270 3      661      687      686
    1271 3      662      663      687
    1272 3      663      688      687
    1273 3      663      664      689
    1274 3      663      689      688
    1275 3      664      665      689
    1276 3      665      690      689
    1277 3      665      666      691
    1278 3      665      691      690
    1279 3      666      667      691
    1280 3      667      692      691
    1281 3      667      668      693
    1282 3      667      693      692
    1283 3      668      669      693
    1284 3      669      694      693
    1285 3      669      670      695
    1286 3      669      695      694
    1287 3      670      671      695
    1288 3      671      696      695
    1289 3      671      672      697
    1290 3      671      697      696
    1291 3      672      673      697
    1292 3      673      698      697
    1293 3      673      674      699
    1294 3      673      699      698
    1295 3      674      675      699
    1296 3      675      700      699
    1297 3      676      677      701
    1298 3      677      702      701
    1299 3      677      678      703
    1300 3      677      703      702
    1301 3      678      679      703
    1302 3      679      704      703
    1303 3      679      680      705
    1304 3      679      705      704
    1305 3      680      681      705
    1306 3      681      706      705
    1307 3      681      682      707
    1308 3      681      707      706
    1309 3      682      683      707
    1310 3      683      708      707
    1311 3      683      684      709
    1312 3      683      709      708
    1313 3      684      685      709
    1314 3      685      710      709
    1315 3      685      686      711
    1316 3      685      711      710
    1317 3      686      687      711
    1318 3      687      712      711
    1319 3      687      688      713
    1320 3      687      713      712
    1321 3      688      689      713
    1322 3      689      714      713
    1323 3      689      690      715
    1324 3      689      715      714
    1325 3      690      691      715
    1326 3      691      716      715
    1327 3      691      692      717
    1328 3      691      717      716
    1329 3      692      693      717
    1330 3      693      718      717
    1331 3      693      694      719
    1332 3      693      719      718
    1333 3      694      695      719
    1334 3      695      720      719
    1335 3      695      696      721
    1336 3      695      721      720
    1337 3      696      697      721
    1338 3      697      722      721
    1339 3      697      698      723
    1340 3      697      723      722
    1341 3      698      699      723
    1342 3      699      724      723
    1343 3      699      700      725
    1344 3      699      725      724
    1345 3      701      702      727
    1346 3      701      727      726
    1347 3      702      703      727
    1348 3      703      728      727
    1349 3      703      704      729
    1350 3      703      729      728
    1351 3      704      705      729
    1352 3      705      730      729
    1353 3      705      706      731
    1354 3      705      731      730
    1355 3      706      707      731
    1356 3      707      732      731
    1357 3      707      708      733
    1358 3      707      733      732
    1359 3      708      709      733
    1360 3      709      734      733
    1361 3      709      710      735
    1362 3      709      735      734
    1363 3      710      711      735
    1364 3      711      736      735
    1365 3      711      712      737
    1366 3      711      737      736
    1367 3      712      713      737
    1368 3      713      738      737
    1369 3      713      714      739
    1370 3      713      739      738
    1371 3      714      715      739
    1372 3      715      740      739
    1373 3      715      716      741
    1374 3      715      741      740
    1375 3      716      717      741
    1376 3      717      742      741
    1377 3      717      718      743
    1378 3      717      743      742
    1379 3      718      719      743
    1380 3      719      744      743
    1381 3      719      720      745
    1382 3      719      745      744
    1383 3      720      721      745
    1384 3      721      746      745
    1385 3      721      722      747
    1386 3      721      747      746
    1387 3      722      723      747
    1388 3      723      748      747
    1389 3      723      724      749
    1390 3      723      749      748
    1391 3      724      725      749
    1392 3      725      750      749
    1393 3      726      727      751
    1394 3      727      752      751
    1395 3      727      728      753
    1396 3      727      753      752
    1397 3      728      729      753
    1398 3      729      754      753
    1399 3      729      730      755
    1400 3      729      755      754
    1401 3      730      731      755
    1402 3      731      756      755
    1403 3      731      732      757
    1404 3      731      757      756
    1405 3      732      733      757
    1406 3      733      758      757
    1407 3      733      734      759
    1408 3      733      759      758
    1409 3      734      735      759
    1410 3      735      760      759
    1411 3      735      736      761
    1412 3      735      761      760
    1413 3      736      737      761
    1414 3      737      762      761
    1415 3      737      738      763
    1416 3      737      763      762
    1417 3      738      739      763
    1418 3      739      764      763
    1419 3      739      740      765
    1420 3      739      765      764
    1421 3      740      741      765
    1422 3      741      766      765
    1423 3      741      742      767
    1424 3      741      767      766
    1425 3      742      743      767
    1426 3      743      768      767
    1427 3      743      744      769
    1428 3      743      769      768
    1429 3      744      745      769
    1430 3      745      770      769
    1431 3      745      746      771
    1432 3      745      771      770
    1433 3      746      747      771
    1434 3      747      772      771
    1435 3      747      748      773
    1436 3      747      773      772
    1437 3      748      749      773
    1438 3      749      774      773
    1439 3      749      750      775
    1440 3      749      775      774
    1441 3      751      752      777
    1442 3      751      777      776
    1443 3      752      753      777
    1444 3      753      778      777
    1445 3      753      754      779
    1446 3      753      779      778
    1447 3      754      755      779
    1448 3      755      780      779
    1449 3      755      756      781
    1450 3      755      781      780
    1451 3      756      757      781
    1452 3      757      782      781
    1453 3      757      758      783
    1454 3      757      783      782
    1455 3      758      759      783
    1456 3      759      784      783
    1457 3      759      760      785
    1458 3      759      785      784
    1459 3      760      761      785
    1460 3      761      786      785
    1461 3      761      762      787
    1462 3      761      787      786
    1463 3      762      763      787
    1464 3      763      788      787
    1465 3      763      764      789
    1466 3      763      789      788
    1467 3      764      765      789
    1468 3      765      790      789
    1469 3      765      766      791
    1470 3      765      791      790
    1471 3      766      767      791
    1472 3      767      792      791
    1473 3      767      768      793
    1474 3      767      793      792
    1475 3      768      769      793
    1476 3      769      794      793
    1477 3      769      770      795
    1478 3      769      795      794
    1479 3      770      771      795
    1480 3      771      796      795
    1481 3      771      772      797
    1482 3      771      797      796
    1483 3      772      773      797
    1484 3      773      798      797
    1485 3      773      774      799
    1486 3      773      799      798
    1487 3      774      775      799
    1488 3      775      800      799
    1489 3      776      777      801
    1490 3      777      802      801
    1491 3      777      778      803
    1492 3      777      803      802
    1493 3      778      779      803
    1494 3      779      804      803
    1495 3      779      780      805
    1496 3      779      805      804
    1497 3      780      781      805
    1498 3      781      806      805
    1499 3      781      782      807
    1500 3      781      807      806
    1501 3      782      783      807
    1502 3      783      808      807
    1503 3      783      784      809
    1504 3      783      809      808
    1505 3      784      785      809
    1506 3      785      810      809
    1507 3      785      786      811
    1508 3      785      811      810
    1509 3      786      787      811
    1510 3      787      812      811
    1511 3      787      788      813
    1512 3      787      813      812
    1513 3      788      789      813
    1514 3      789      814      813
    1515 3      789      790      815
    1516 3      789      815      814
    1517 3      790      791      815
    1518 3      791      816      815
    1519 3      791      792      817
    1520 3      791      817      816
    1521 3      792      793      817
    1522 3      793      818      817
    1523 3      793      794      819
    1524 3      793      819      818
    1525 3      794      795      819
    1526 3      795      820      819
    1527 3      795      796      821
    1528 3      795      821      820
    1529 3      796      797      821
    1530 3      797      822      821
    1531 3      797      798      823
    1532 3      797      823      822
    1533 3      798      799      823
    1534 3      799      824      823
    1535 3      799      800      825
    1536 3      799      825      824
    1537 3      801      802      827
    1538 3      801      827      826
    1539 3      802      803      827
    1540 3      803      828      827
    1541 3      803      804      829
    1542 3      803      829      828
    1543 3      804      805      829
    1544 3      805      830      829
    1545 3      805      806      831
    1546 3      805      831      830
    1547 3      806      807      831
    1548 3      807      832      831
    1549 3      807      808      833
    1550 3      807      833      832
    1551 3      808      809      833
    1552 3      809      834      833
    1553 3      809      810      835
    1554 3      809      835      834
    1555 3      810      811      835
    1556 3      811      836      835
    1557 3      811      812      837
    1558 3      811      837      836
    1559 3      812      813      837
    1560 3      813      838      837
    1561 3      813      814      839
    1562 3      813      839      838
    1563 3      814      815      839
    1564 3      815      840      839
    1565 3      815      816      841
    1566 3      815      841      840
    1567 3      816      817      841
    1568 3      817      842      841
    1569 3      817      818      843
    1570 3      817      843      842
    1571 3      818      819      843
    1572 3      819      844      843
    1573 3      819      820      845
    1574 3      819      845      844
    1575 3      820      821      845
    1576 3      821      846      845
    1577 3      821      822      847
    1578 3      821      847      846
    1579 3      822      823      847
    1580 3      823      848      847
    1581 3      823      824      849
    1582 3      823      849      848
    1583 3      824      825      849
    1584 3      825      850      849
    1585 3      826      827      851
    1586 3      827      852      851
    1587 3      827      828      853
    1588 3      827      853      852
    1589 3      828      829      853
    1590 3      829      854      853
    1591 3      829      830      855
    1592 3      829      855      854
    1593 3      830      831      855
    1594 3      831      856      855
    1595 3      831      832      857
    1596 3      831      857      856
    1597 3      832      833      857
    1598 3      833      858      857
    1599 3      833      834      859
    1600 3      833      859      858
    1601 3      834      835      859
    1602 3      835      860      859
    1603 3      835      836      861
    1604 3      835      861      860
    1605 3      836      837      861
    1606 3      837      862      861
    1607 3      837      838      863
    1608 3      837      863      862
    1609 3      838      839      863
    1610 3      839      864      863
    1611 3      839      840      865
    1612 3      839      865      864
    1613 3      840      841      865
    1614 3      841      866      865
    1615 3      841      842      867
    1616 3      841      867      866
    1617 3      842      843      867
    1618 3      843      868      867
    1619 3      843      844      869
    1620 3      843      869      868
    1621 3      844      845      869
    1622 3      845      870      869
    1623 3      845      846      871
    1624 3      845      871      870
    1625 3      846      847      871
    1626 3      847      872      871
    1627 3      847      848      873
    1628 3      847      873      872
    1629 3      848      849      873
    1630 3      849      874      873
    1631 3      849      850      875
    1632 3      849      875      874
    1633 3      851      852      877
    1634 3      851      877      876
    1635 3      852      853      877
    1636 3      853      878      877
    1637 3      853      854      879
    1638 3      853      879      878
    1639 3      854      855      879
    1640 3      855      880      879
    1641 3      855      856      881
    1642 3      855      881      880
    1643 3      856      857      881
    1644 3      857      882      881
    1645 3      857      858      883
    1646 3      857      883      882
    1647 3      858      859      883
    1648 3      859      884      883
    1649 3      859      860      885
    1650 3      859      885      884
    1651 3      860      861      885
    1652 3      861      886      885
    1653 3      861      862      887
    1654 3      861      887      886
    1655 3      862      863      887
    1656 3      863      888      887
    1657 3      863      864      889
    1658 3      863      889      888
    1659 3      864      865      889
    1660 3      865      890      889
    1661 3      865      866      891
    1662 3      865      891      890
    1663 3      866      867      891
    1664 3      867      892      891
    1665 3      867      868      893
    1666 3      867      893      892
    1667 3      868      869      893
    1668 3      869      894      893
    1669 3      869      870      895
    1670 3      869      895      894
    1671 3      870      871      895
    1672 3      871      896      895
    1673 3      871      872      897
    1674 3      871      897      896
    1675 3      872      873      897
    1676 3      873      898      897
    1677 3      873      874      899
    1678 3      873      899      898
    1679 3      874      875      899
    1680 3      875      900      899
    1681 3      876      877      901
    1682 3      877      902      901
    1683 3      877      878      903
    1684 3      877      903      902
    1685 3      878      879      903
    1686 3      879      904      903
    1687 3      879      880      905
    1688 3      879      905      904
    1689 3      880      881      905
    1690 3      881      906      905
    1691 3      881      882      907
    1692 3      881      907      906
    1693 3      882      883      907
    1694 3      883      908      907
    1695 3      883      884      909
    1696 3      883      909      908
    1697 3      884      885      909
    1698 3      885      910      909
    1699 3      885      886      911
    1700 3      885      911      910
    1701 3      886      887      911
    1702 3      887      912      911
    1703 3      887      888      913
    1704 3      887      913      912
    1705 3      888      889      913
    1706 3      889      914      913
    1707 3      889      890      915
    1708 3      889      915      914
    1709 3      890      891      915
    1710 3      891      916      915
    1711 3      891      892      917
    1712 3      891      917      916
    1713 3      892      893      917
    1714 3      893      918      917
    1715 3      893      894      919
    1716 3      893      919      918
    1717 3      894      895      919
    1718 3      895      920      919
    1719 3      895      896      921
    1720 3      895      921      920
    1721 3      896      897      921
    1722 3      897      922      921
    1723 3      897      898      923
    1724 3      897      923      922
    1725 3      898      899      923
    1726 3      899      924      923
    1727 3      899      900      925
    1728 3      899      925      924
    1729 3      926      927      935
    1730 3      926      935      934
    1731 3      927      928      935
    1732 3      928      936      935
    1733 3      928      929      937
    1734 3      928      937      936
    1735 3      929      930      937
    1736 3      930      938      937
    1737 3      930      931      939
    1738 3      930      939      938
    1739 3      931      932      939
    1740 3      932      940      939
    1741 3      932      933      941
    1742 3      932      941      940
    1743 3      934      935      942
    1744 3      935      943      942
    1745 3      935      936      944
    1746 3      935      944      943
    1747 3      936      937      944
    1748 3      937      945      944
    1749 3      937      938      946
    1750 3      937      946      945
    1751 3      938      939      946
    1752 3      939      947      946
    1753 3      939      940      948
    1754 3      939      948      947
    1755 3      940      941      948
    1756 3      941      949      948
    1757 3      942      943      951
    1758 3      942      951      950
    1759 3      943      944      951
    1760 3      944      952      951
    1761 3      944      945      953
    1762 3      944      953      952
    1763 3      945      946      953
    1764 3      946      954      953
    1765 3      946      947      955
    1766 3      946      955      954
    1767 3      947      948      955
    1768 3      948      956      955
    1769 3      948      949      957
    1770 3      948      957      956
    1771 3      950      951      958
    1772 3      951      959      958
    1773 3      951      952      960
    1774 3      951      960      959
    1775 3      952      953      960
    1776 3      953      961      960
    1777 3      953      954      962
    1778 3      953      962      961
    1779 3      954      955      962
    1780 3      955      963      962
    1781 3      955      956      964
    1782 3      955      964      963
    1783 3      956      957      964
    1784 3      957      965      964
    1785 3      958      959      967
    1786 3      958      967      966
    1787 3      959      960      967
    1788 3      960      968      967
    1789 3      960      961      969
    1790 3      960      969      968
    1791 3      961      962      969
    1792 3      962      970      969
    1793 3      962      963      971
    1794 3      962      971      970
    1795 3      963      964      971
    1796 3      964      972      971
    1797 3      964      965      973
    1798 3      964      973      972
    1799 3      966      967      974
    1800 3      967      975      974
    1801 3      967      968      976
    1802 3      967      976      975
    1803 3      968      969      976
    1804 3      969      977      976
    1805 3      969      970      978
    1806 3      969      978      977
    1807 3      970      971      978
    1808 3      971      979      978
    1809 3      971      972      980
    1810 3      971      980      979
    1811 3      972      973      980
    1812 3      973      981      980
    1813 3       25      982      983
    1814 3       25      983       50
    1815 3       50      983      984
    1816 3       50      984       75
    1817 3       75      984      985
    1818 3       75      985      100
    1819 3      100      985      125
    1820 3      125      985      986
    1821 3      125      986      150
    1822 3      150      986      987
    1823 3      150      987      175
    1824 3      175      987      988
    1825 3      175      988      200
    1826 3      200      988      989
    1827 3      200      989      225
    1828 3      225      989      990
    1829 3      225      990      250
    1830 3      250      990      991
    1831 3      250      991      275
    1832 3      275      991      992
    1833 3      275      992      300
    1834 3      300      992      993
    1835 3      300      993      325
    1836 3      325      993      994
    1837 3      325      994      350
    1838 3      350      994      995
    1839 3      350      995      375
    1840 3      375      995      996
    1841 3      375      996      400
    1842 3      400      996      997
    1843 3      400      997      425
    1844 3      425      997      998
    1845 3      425      998      450
    1846 3      450      998      999
    1847 3      450      999      475
    1848 3      475      999      500
    1849 3      500      999     1000
    1850 3      500     1000      525
    1851 3      525     1000     1001
    1852 3      525     1001      550
    1853 3      550     1001     1002
    1854 3      550     1002      575
    1855 3      575     1002     1003
    1856 3      575     1003      600
    1857 3      600     1003     1004
    1858 3      600     1004      625
    1859 3      625     1004     1005
    1860 3      625     1005      650
    1861 3      650     1005     1006
    1862 3      650     1006      675
    1863 3      675     1006     1007
    1864 3      675     1007      700
    1865 3      700     1007     1008
    1866 3      700     1008      725
    1867 3      725     1008     1009
    1868 3      725     1009      750
    1869 3      750     1009     1010
    1870 3      750     1010      775
    1871 3      775     1010     1011
    1872 3      775     1011      800
    1873 3      800     1011     1012
    1874 3      800     1012      825
    1875 3      825     1012     1013
    1876 3      825     1013      850
    1877 3      850     1013      875
    1878 3      875     1013     1014
    1879 3      875     1014      900
    1880 3      900     1014     1015
    1881 3      900     1015      925
    1882 3      925     1015     1016
    1883 3      982     1017     1018
    1884 3      982     1018      983
    1885 3      983     1018     1019
    1886 3      983     1019      984
    1887 3      984     1019      985
    1888 3      985     1019     1020
    1889 3      985     1020      986
    1890 3      986     1020     1021
    1891 3      986     1021      987
    1892 3      987     1021     1022
    1893 3      987     1022      988
    1894 3      988     1022     1023
    1895 3      988     1023      989
    1896 3      989     1023     1024
    1897 3      989     1024      990
    1898 3      990     1024     1025
    1899 3      990     1025      991
    1900 3      991     1025     1026
    1901 3      991     1026      992
    1902 3      992     1026     1027
    1903 3      992     1027      993
    1904 3      993     1027     1028
    1905 3      993     1028      994
    1906 3      994     1028      995
    1907 3      995     1028     1029
    1908 3      995     1029      996
    1909 3      996     1029     1030
    1910 3      996     1030      997
    1911 3      997     1030     1031
    1912 3      997     1031      998
    1913 3      998     1031     1032
    1914 3      998     1032      999
    1915 3      999     1032     1033
    1916 3      999     1033     1000
    1917 3     1000     1033     1034
    1918 3     1000     1034     1001
    1919 3     1001     1034     1035
    1920 3     1001     1035     1002
    1921 3     1002     1035     1036
    1922 3     1002     1036     1003
    1923 3     1003     1036     1037
    1924 3     1003     1037     1004
    1925 3     1004     1037     1005
    1926 3     1005     1037     1038
    1927 3     1005     1038     1006
    1928 3     1006     1038     1039
    1929 3     1006     1039     1007
    1930 3     1007     1039     1040
    1931 3     1007     1040     1008
    1932 3     1008     1040     1041
    1933 3     1008     1041     1009
    1934 3     1009     1041     1042
    1935 3     1009     1042     1010
    1936 3     1010     1042     1043
    1937 3     1010     1043     1011
    1938 3     1011     1043     1044
    1939 3     1011     1044     1012
    1940 3     1012     1044     1045
    1941 3     1012     1045     1013
    1942 3     1013     1045     1046
    1943 3     1013     1046     1014
    1944 3     1014     1046     1015
    1945 3     1015     1046     1047
    1946 3     1015     1047     1016
    1947 3     1016     1047     1048
    1948 3     1017     1049     1050
    1949 3     1017     1050     1018
    1950 3     1018     1050     1051
    1951 3     1018     1051     1019
    1952 3     1019     1051     1020
    1953 3     1020     1051     1052
    1954 3     1020     1052     1021
    1955 3     1021     1052     1053
    1956 3     1021     1053     1022
    1957 3     1022     1053     1054
    1958 3     1022     1054     1023
    1959 3     1023     1054     1055
    1960 3     1023     1055     1024
    1961 3     1024     1055     1056
    1962 3     1024     1056     1025
    1963 3     1025     1056     1057
    1964 3     1025     1057     1026
    1965 3     1026     1057     1058
    1966 3     1026     1058     1027
    1967 3     1027     1058     1059
    1968 3     1027     1059     1028
    1969 3     1028     1059     1029
    1970 3     1029     1059     1060
    1971 3     1029     1060     1030
    1972 3     1030     1060     1061
    1973 3     1030     1061     1031
    1974 3     1031     1061     1062
    1975 3     1031     1062     1032
    1976 3     1032     1062     1063
    1977 3     1032     1063     1033
    1978 3     1033     1063     1064
    1979 3     1033     1064     1034
    1980 3     1034     1064     1065
    1981 3     1034     1065     1035
    1982 3     1035     1065     1066
    1983 3     1035     1066     1036
    1984 3     1036     1066     1067
    1985 3     1036     1067     1037
    1986 3     1037     1067     1038
    1987 3     1038     1067     1068
    1988 3     1038     1068     1039
    1989 3     1039     1068     1069
    1990 3     1039     1069     1040
    1991 3     1040     1069     1070
    1992 3     1040     1070     1041
    1993 3     1041     1070     1071
    1994 3     1041     1071     1042
    1995 3     1042     1071     1072
    1996 3     1042     1072     1043
    1997 3     1043     1072     1073
    1998 3     1043     1073     1044
    1999 3     1044     1073     1074
    2000 3     1044     1074     1045
    2001 3     1045     1074     1075
    2002 3     1045     1075     1046
    2003 3     1046     1075     1047
    2004 3     1047     1075     1076
    2005 3     1047     1076     1048
    2006 3     1048     1076     1077
    2007 3     1049     1078     1079
    2008 3     1049     1079     1050
    2009 3     1050     1079     1080
    2010 3     1050     1080     1051
    2011 3     1051     1080     1052
    2012 3     1052     1080     1081
    2013 3     1052     1081     1053
    2014 3     1053     1081     1082
    2015 3     1053     1082     1054
    2016 3     1054     1082     1083
    2017 3     1054     1083     1055
    2018 3     1055     1083     1084
    2019 3     1055     1084     1056
    2020 3     1056     1084     1085
    2021 3     1056     1085     1057
    2022 3     1057     1085     1086
    2023 3     1057     1086     1058
    2024 3     1058     1086     1087
    2025 3     1058     1087     1059
    2026 3     1059     1087     1060
    2027 3     1060     1087     1088
    2028 3     1060     1088     1061
    2029 3     1061     1088     1089
    2030 3     1061     1089     1062
    2031 3     1062     1089     1090
    2032 3     1062     1090     1063
    2033 3     1063     1090     1091
    2034 3     1063     1091     1064
    2035 3     1064     1091     1092
    2036 3     1064     1092     1065
    2037 3     1065     1092     1093
    2038 3     1065     1093     1066
    2039 3     1066     1093     1094
    2040 3     1066     1094     1067
    2041 3     1067     1094     1068
    2042 3     1068     1094     1095
    2043 3     1068     1095     1069
    2044 3     1069     1095     1096
    2045 3     1069     1096     1070
    2046 3     1070     1096     1097
    2047 3     1070     1097     1071
    2048 3     1071     1097     1098
    2049 3     1071     1098     1072
    2050 3     1072     1098     1099
    2051 3     1072     1099     1073
    2052 3     1073     1099     1100
    2053 3     1073     1100     1074
    2054 3     1074     1100     1101
    2055 3     1074     1101     1075
    2056 3     1075     1101     1076
    2057 3     1076     1101     1102
    2058 3     1076     1102     1077
    2059 3     1077     1102     1103
    2060 3     1078     1104     1105
    2061 3     1078     1105     1079
    2062 3     1079     1105     1106
    2063 3     1079     1106     1080
    2064 3     1080     1106     1081
    2065 3     1081     1106     1107
    2066 3     1081     1107     1082
    2067 3     1082     1107     1108
    2068 3     1082     1108     1083
    2069 3     1083     1108     1109
    2070 3     1083     1109     1084
    2071 3     1084     1109     1110
    2072 3     1084     1110     1085
    2073 3     1085     1110     1086
    2074 3     1086     1110     1111
    2075 3     1086     1111     1087
    2076 3     1087     1111     1112
    2077 3     1087     1112     1088
    2078 3     1088     1112     1113
    2079 3     1088     1113     1089
    2080 3     1089     1113     1114
    2081 3     1089     1114     1090
    2082 3     1090     1114     1115
    2083 3     1090     1115     1091
    2084 3     1091     1115     1092
    2085 3     1092     1115     1116
    2086 3     1092     1116     1093
    2087 3     1093     1116     1117
    2088 3     1093     1117     1094
    2089 3     1094     1117     1118
    2090 3     1094     1118     1095
    2091 3     1095     1118     1119
    2092 3     1095     1119     1096
    2093 3     1096     1119     1097
    2094 3     1097     1119     1120
    2095 3     1097     1120     1098
    2096 3     1098     1120     1121
    2097 3     1098     1121     1099
    2098 3     1099     1121     1122
    2099 3     1099     1122     1100
    2100 3     1100     1122     1123
    2101 3     1100     1123     1101
    2102 3     1101     1123     1102
    2103 3     1102     1123     1124
    2104 3     1102     1124     1103
    2105 3     1103     1124     1125
    2106 3     1104     1126     1127
    2107 3     1104     1127     1105
    2108 3     1105     1127     1106
    2109 3     1106     1127     1128
    2110 3     1106     1128     1107
    2111 3     1107     1128     1129
    2112 3     1107     1129     1108
    2113 3     1108     1129     1130
    2114 3     1108     1130     1109
    2115 3     1109     1130     1131
    2116 3     1109     1131     1110
    2117 3     1110     1131     1111
    2118 3     1111     1131     1132
    2119 3     1111     1132     1112
    2120 3     1112     1132     1133
    2121 3     1112     1133     1113
    2122 3     1113     1133     1134
    2123 3     1113     1134     1114
    2124 3     1114     1134     1115
    2125 3     1115     1134     1135
    2126 3     1115     1135     1116
    2127 3     1116     1135     1136
    2128 3     1116     1136     1117
    2129 3     1117     1136     1137
    2130 3     1117     1137     1118
    2131 3     1118     1137     1138
    2132 3     1118     1138     1119
    2133 3     1119     1138     1120
    2134 3     1120     1138     1139
    2135 3     1120     1139     1121
    2136 3     1121     1139     1140
    2137 3     1121     1140     1122
    2138 3     1122     1140     1141
    2139 3     1122     1141     1123
    2140 3     1123     1141     1142
    2141 3     1123     1142     1124
    2142 3     1124     1142     1125
    2143 3     1125     1142     1143
    2144 3     1126     1144     1145
    2145 3     1126     1145     1127
    2146 3     1127     1145     1128
    2147 3     1128     1145     1146
    2148 3     1128     1146     1129
    2149 3     1129     1146     1147
    2150 3     1129     1147     1130
    2151 3     1130     1147     1148
    2152 3     1130     1148     1131
    2153 3     1131     1148     1132
    2154 3     1132     1148     1149
    2155 3     1132     1149     1133
    2156 3     1133     1149     1150
    2157 3     1133     1150     1134
    2158 3     1134     1150     1135
    2159 3     1135     1150     1151
    2160 3     1135     1151     1136
    2161 3     1136     1151     1152
    2162 3     1136     1152     1137
    2163 3     1137     1152     1153
    2164 3     1137     1153     1138
    2165 3     1138     1153     1139
    2166 3     1139     1153     1154
    2167 3     1139     1154     1140
    2168 3     1140     1154     1155
    2169 3     1140     1155     1141
    2170 3     1141     1155     1156
    2171 3     1141     1156     1142
    2172 3     1142     1156     1143
    2173 3     1143     1156     1157
    2174 3     1144     1158     1159
    2175 3     1144     1159     1145
    2176 3     1145     1159     1146
    2177 3     1146     1159     1160
    2178 3     1146     1160     1147
    2179 3     1147     1160     1161
    2180 3     1147     1161     1148
    2181 3     1148     1161     1149
    2182 3     1149     1161     1162
    2183 3     1149     1162     1150
    2184 3     1150     1162     1163
    2185 3     1150     1163     1151
    2186 3     1151     1163     1152
    2187 3     1152     1163     1164
    2188 3     1152     1164     1153
    2189 3     1153     1164     1154
    2190 3     1154     1164     1165
    2191 3     1154     1165     1155
    2192 3     1155     1165     1166
    2193 3     1155     1166     1156
    2194 3     1156     1166     1157
    2195 3     1157     1166     1167
    2196 3     1158      926     1159
    2197 3     1159      926      934
    2198 3     1159      934     1160
    2199 3     1160      934      942
    2200 3     1160      942     1161
    2201 3     1161      942     1162
    2202 3     1162      942      950
    2203 3     1162      950     1163
    2204 3     1163      950      958
    2205 3     1163      958     1164
    2206 3     1164      958     1165
    2207 3     1165      958      966
    2208 3     1165      966     1166
    2209 3     1166      966      974
    2210 3     1166      974     1167
0
0
2
109
86 0
1
2
3
4
5
6
7
8
9
10
11
12
13
14
15
16
17
18
19
20
21
22
23
24
25
876
851
826
801
776
751
726
701
676
651
626
601
576
551
526
501
476
451
426
401
376
351
326
301
276
251
226
201
176
151
126
101
76
51
26
1
901
902
903
904
905
906
907
908
909
910
911
912
913
914
915
916
917
918
919
920
921
922
923
924
925
23 0
933
932
931
930
929
928
927
926
933
941
949
957
965
973
981
981
980
979
978
977
976
975
974
